date,category,index,title,summary,importance,impact_score,reason,source,url,tags,created_at
2025-12-10,国内,1,国务院发布《人工智能产业高质量发展行动计划》,12月10日消息，国务院正式发布《人工智能产业高质量发展行动计划（2024-2027）》，提出到2027年我国人工智能核心产业规模超过万亿元，培育10家以上具有国际竞争力的AI企业，形成完整的人工智能产业链。,高,98.5,国家级重大政策，影响全行业发展方向,中国政府网,https://www.gov.cn/,"政策,国务院,产业规划",2025-12-09 16:24:21
2025-12-10,国内,2,智谱AI发布GLM-5基座大模型,12月10日消息，智谱AI正式发布新一代基座大模型GLM-5，参数规模达到1.8万亿，在多项权威基准测试中超越GPT-4 Turbo，支持128K超长上下文，并宣布向开发者开放API接口。,高,92.0,国产大模型重大突破，性能对标国际顶级水平,智谱AI官方,https://www.zhipuai.cn/,"智谱AI,GLM-5,大模型,开放API",2025-12-09 16:24:21
2025-12-10,国内,3,百度发布文心一言5.0及ERNIE 4.5 Turbo,12月10日消息，百度在AI开发者大会上发布文心一言5.0版本和ERNIE 4.5 Turbo模型，推理速度提升3倍，API调用成本降低60%，并宣布文心一言用户数突破3亿。,高,88.5,头部厂商重大产品更新，推动大模型普及,百度,https://yiyan.baidu.com/,"百度,文心一言,ERNIE,降价",2025-12-09 16:24:21
2025-12-10,国内,4,华为发布昇腾910C AI芯片,12月10日消息，华为正式发布新一代昇腾910C AI训练芯片，采用先进制程工艺，算力达到640 TFLOPS，较上代提升80%，将大规模应用于国产AI服务器和智算中心。,高,90.0,国产AI芯片重大突破，填补算力缺口,华为,https://www.huawei.com/,"华为,昇腾,AI芯片,算力",2025-12-09 16:24:21
2025-12-10,国内,5,阿里通义千问开源Qwen2.5-Max模型,12月10日消息，阿里云宣布开源通义千问Qwen2.5-Max模型，提供1100亿参数版本，在代码生成、数学推理等任务上达到业界领先水平，并在Hugging Face平台开放下载。,高,85.0,超大规模模型开源，推动AI民主化,阿里达摩院,https://tongyi.aliyun.com/,"阿里,通义千问,开源,Qwen2.5",2025-12-09 16:24:21
2025-12-10,国内,6,商汤科技发布日日新SenseNova 6.0,12月10日消息，商汤科技发布日日新SenseNova 6.0大模型体系，实现端到端多模态统一架构，支持视频理解和生成，并推出面向企业的定制化解决方案。,中,72.0,多模态技术演进，企业级应用拓展,商汤科技,https://www.sensetime.com/,"商汤科技,日日新,多模态",2025-12-09 16:24:21
2025-12-10,国内,7,字节跳动豆包大模型月活突破1亿,12月10日消息，字节跳动宣布旗下AI助手豆包月活跃用户突破1亿，成为国内用户规模最大的AI原生应用，同时推出豆包专业版，面向开发者和企业用户。,中,68.0,用户规模里程碑，验证C端AI应用需求,字节跳动,https://www.doubao.com/,"字节跳动,豆包,用户增长",2025-12-09 16:24:21
2025-12-10,国内,8,科大讯飞星火大模型V4.5发布,12月10日消息，科大讯飞发布星火大模型V4.5版本，在教育、医疗、政务等垂直领域能力显著提升，并宣布与50家行业伙伴达成战略合作。,中,65.0,垂直领域应用深化，产业生态扩展,科大讯飞,https://xinghuo.xfyun.cn/,"科大讯飞,星火,垂直应用",2025-12-09 16:24:21
2025-12-10,国内,9,北京发布全国首个AI大模型应用地方标准,12月10日消息，北京市市场监管局发布《人工智能大模型应用规范》地方标准，成为全国首个针对大模型应用的地方标准，为行业规范发展提供指引。,中,62.0,首个地方标准出台，推动合规发展,北京市政府,https://www.beijing.gov.cn/,"北京,地方标准,监管",2025-12-09 16:24:21
2025-12-10,国内,10,清华大学团队发布新型视觉语言模型,12月10日消息，清华大学计算机系团队在Nature子刊发表论文，提出创新的视觉-语言对齐架构，在视觉问答任务上取得SOTA性能，论文已获最佳论文奖提名。,中,58.0,学术突破，提升国际影响力,清华大学,https://www.tsinghua.edu.cn/,"清华大学,学术,视觉语言模型",2025-12-09 16:24:21
2025-12-10,国际,1,美国发布AI芯片出口新规，限制范围扩大,12月10日消息，美国商务部工业与安全局(BIS)发布更新的半导体出口管制规则，将AI芯片出口限制扩展至更多国家和地区，同时收紧对先进制造设备的管控，新规将于90天后生效。,高,100.0,重大政策变化，影响全球AI产业供应链,US Commerce Dept,https://www.commerce.gov/,"美国,出口管制,AI芯片,制裁",2025-12-09 16:24:21
2025-12-10,国际,2,OpenAI正式发布GPT-5,12月10日消息，OpenAI正式发布GPT-5大语言模型，采用全新的混合架构，在推理、编程、多模态理解等方面实现重大突破，上下文窗口扩展至100万tokens，CEO Sam Altman称其为'迈向AGI的关键一步'。,高,98.0,旗舰产品发布，定义AI能力新标杆,OpenAI Blog,https://openai.com/,"OpenAI,GPT-5,AGI,重大发布",2025-12-09 16:24:21
2025-12-10,国际,3,英伟达发布Blackwell Ultra芯片,12月10日消息，英伟达在GTC大会上发布新一代Blackwell Ultra AI芯片，算力达到40 PFLOPS，较H100提升5倍，同时公布与多家云厂商的部署计划，预计明年Q1量产。,高,95.0,算力基础设施重大升级，影响AI训练效率,NVIDIA AI,https://www.nvidia.com/,"英伟达,Blackwell,AI芯片,算力",2025-12-09 16:24:21
2025-12-10,国际,4,谷歌DeepMind发布Gemini 2.5 Ultra,12月10日消息，谷歌DeepMind发布Gemini 2.5 Ultra多模态大模型，在数学、科学推理、代码生成等任务上超越GPT-5基准版，支持实时视频理解和多轮对话记忆。,高,92.0,顶级厂商竞争升级，多模态能力新突破,DeepMind Blog,https://deepmind.google/,"谷歌,Gemini,多模态,DeepMind",2025-12-09 16:24:21
2025-12-10,国际,5,欧盟《人工智能法案》正式全面生效,12月10日消息，欧盟《人工智能法案》(AI Act)正式全面生效，成为全球首部全面监管AI的立法。高风险AI系统需在6个月内完成合规，违规企业将面临最高3500万欧元或全球营收7%的罚款。,高,90.0,全球首部AI监管法律生效，影响深远,EU AI Policy,https://ec.europa.eu/,"欧盟,AI Act,监管,合规",2025-12-09 16:24:21
2025-12-10,国际,6,Anthropic发布Claude 4 Opus,12月10日消息，Anthropic发布Claude 4 Opus模型，在安全性和有用性之间取得更好平衡，长文本处理能力显著提升，同时推出企业版API，支持私有化部署。,高,88.0,顶级竞品更新，AI安全领域引领者,Anthropic,https://www.anthropic.com/,"Anthropic,Claude,AI安全",2025-12-09 16:24:21
2025-12-10,国际,7,Meta开源Llama 4模型家族,12月10日消息，Meta正式开源Llama 4系列模型，包含8B到400B多个规格，采用混合专家架构(MoE)，在开源社区反响热烈，24小时内下载量突破100万次。,高,85.0,超大规模开源，推动AI民主化进程,Meta AI,https://ai.meta.com/,"Meta,Llama 4,开源,MoE",2025-12-09 16:24:21
2025-12-10,国际,8,xAI完成新一轮120亿美元融资,12月10日消息，Elon Musk旗下xAI宣布完成新一轮120亿美元融资，估值达到500亿美元，所融资金将用于扩建超算中心和Grok模型研发。,高,82.0,史上最大AI融资之一，验证行业热度,Bloomberg Technology,https://x.ai/,"xAI,融资,Elon Musk,Grok",2025-12-09 16:24:21
2025-12-10,国际,9,MIT研究团队实现量子-经典混合AI突破,12月10日消息，MIT研究团队在Nature发表论文，首次实现量子计算与经典神经网络的高效混合架构，在特定优化问题上实现指数级加速，被评为'年度重大科学突破'。,高,80.0,基础研究重大突破，开辟新技术路径,MIT News AI,https://news.mit.edu/,"MIT,量子计算,学术突破,Nature",2025-12-09 16:24:21
2025-12-10,国际,10,微软Azure AI推出GPT-5托管服务,12月10日消息，微软宣布Azure OpenAI Service支持GPT-5模型托管，提供企业级SLA保障，同时推出新的成本优化方案，API调用成本降低40%。,中,72.0,云服务升级，降低企业AI使用门槛,Microsoft AI Blog,https://azure.microsoft.com/,"微软,Azure,GPT-5,云服务",2025-12-09 16:24:21
2025-12-10,国际,11,RAND智库发布AI地缘政治影响报告,12月10日消息，美国兰德公司发布《人工智能与地缘政治竞争》研究报告，分析AI技术发展对国际关系格局的影响，建议美国加强与盟友的AI合作。,中,68.0,权威智库分析，政策参考价值高,RAND Corporation AI,https://www.rand.org/,"RAND,智库,地缘政治,战略",2025-12-09 16:24:21
2025-12-10,国际,12,斯坦福HAI发布2024 AI指数年度报告,12月10日消息，斯坦福大学人类中心人工智能研究院(HAI)发布年度AI指数报告，数据显示全球AI投资总额达2000亿美元，生成式AI占比首次超过50%。,中,65.0,权威年度报告，全景展示行业发展,Stanford HAI,https://hai.stanford.edu/,"斯坦福,HAI,报告,投资",2025-12-09 16:24:21
2025-12-09,国内,1,腾讯与影石Insta360联合发布智能音频新品：攻克垂直定位，定义室内音视频协作新标准｜最前线,12月9日消息，文｜张子怡 编辑｜袁斯来 今年9月下旬，影石Insta360宣布推出Wave AI录音全向麦克风，搭载腾讯天籁Inside解决方案。在近期的媒体沟通会上，双方则首次披露近三年来的深度共创历程。 本次合作，旨在结合影石Insta360在硬件设计上的创新与腾讯云天籁实验室深厚的音频算法积累，解决室内会议、远程协作和专业内容创作场景中的核心音频痛点。 Wave AI录音全向麦克风的市场方向非常明确。一是,高,376.5,影响力评分: 376.5,36氪,https://36kr.com/p/3587781930451205?f=rss,"突破,发布,AI,首次,合作",2025-12-09 17:48:02
2025-12-09,国内,2,xTool黑五网一销售额创新高，日GMV突破1亿元｜最前线,12月9日消息，文｜张子怡 编辑｜袁斯来 36氪了解到，消费级激光雕刻机品牌xTool近日公布了其在2025年“黑色星期五”及“网络星期一”购物节期间的业绩数据。 xTool创始人兼CEO王建军（Jasen Wang）向公司全员发邮件披露称，公司在该旺季促销中的商品交易总额（GMV）较去年同期增长约50%，并首次实现了单日GMV突破1亿元。 这一业绩数据巩固了xTool在全球激光雕刻机领域的市场地位。王建军在内部,高,376.5,影响力评分: 376.5,36氪,https://36kr.com/p/3586724016209031?f=rss,"CEO,突破,AI,人工智能,首次",2025-12-09 17:48:02
2025-12-09,国内,3,美团发布LongCat-Image图像生成模型，编辑能力登顶开源SOTA,12月9日消息，尽管近年来AIGC关键技术不断突破，但图像生成领域始终面临着一个“两难困境”：闭源模型性能强大但难以私有化部署；开源方案在轻量化与高性能之间难以取舍，且缺乏面向商用的专项能力。 针对这一行业痛点，美团LongCat团队近日宣布，开源其最新研发的LongCat-Image模型。该模型通过高性能模型架构设计、系统性的训练策略和数据工程，以6B的紧凑参数规模，在文生图与图像编辑核心能力上逼近了更大尺寸的,高,300.0,影响力评分: 300.0,AI科技评论,https://www.leiphone.com/category/industrynews/2Nh7hNBT3raovZY1.html,"开源,突破,发布,AI,开放",2025-12-09 17:48:02
2025-12-09,国内,4,深圳硬件公司做AI陪伴机器人，拿下红杉投资，用户量破百万｜Insight全球,12月9日消息，编者按： 当出海越来越成为一家中国公司核心战略时，如何征战全球市场就成为一个极其专业的话题。在全球化的演变中，已有不少中国品牌站立潮头。鉴于此，硬氪特推出「Insight全球」专栏，从品牌成长与变迁，探索中国品牌出海的前沿方向与时代契机，为出海玩家与行业提供思考与启发。 这是我们专栏第53期——2018年，在陪伴机器人赛道初现雏形时，Enabot赋之科技从宠物陪伴切入推出首款产品EBO S，以解决,高,240.0,影响力评分: 240.0,36氪,https://36kr.com/p/3541396662431875?f=rss,"上市,突破,AI,监控,大模型",2025-12-09 17:48:02
2025-12-09,国内,5,The Year Ahead展望2026峰会|凝聚行业共识，共勘寰球商业未来,12月9日消息，2025年11月28日，由《商业周刊》主办，梅赛德斯-奔驰担任首席战略合作伙伴的The Year Ahead 2026展望峰会在上海西岸美高梅酒店圆满落幕。来自各行业的领军者与专业翘楚齐聚一堂，共勘充满潜力的环球商业未来。 The Year Ahead展望峰会由美国彭博集团于2015年创办，通过对宏观经济、金融、能源、医疗健康、科技、零售、农业、交通等领域的分析，帮助商业决策者进行前瞻。多年来，“,高,236.0,影响力评分: 236.0,36氪,https://36kr.com/p/3587965815243013?f=rss,"领先,合作,创新,投资",2025-12-09 17:48:02
2025-12-09,国内,6,二连板博纳影业：《阿凡达3》投资收益权比例较低，对公司短期业绩无重大影响,12月9日消息，36氪获悉，二连板博纳影业披露股票交易异动公告称，公司关注到股吧等投资者交流平台内“《阿凡达3》”有关话题热度较高。需特别说明的是，影片《阿凡达3》尚未在全球院线上映，其票房收入尚难以预计，且公司控股子公司通过与TSG Entertainment Finance LLC合作授予公司《阿凡达3》的投资收益权比例较低，对公司短期业绩无重大影响，敬请投资者理性决策、注意投资风险。,高,225.0,影响力评分: 225.0,36氪,https://36kr.com/newsflashes/3588252928672006?f=rss,"AI,合作,投资,风险",2025-12-09 17:48:02
2025-12-09,国内,7,首届地平线技术生态大会开幕，携手生态伙伴“向高同行”共赴智能未来,12月8日，在智能驾驶从“能用”的商业化突破迈向“好用”的规模化普及这一关键阶段，以“向高同行”为主题的2025首届地平线技术生态大会（Horizon Together 2025）于深圳应势召开。在开放生态的共识引力下，大会汇聚全球产业链决策层的重量级阵容，地平线众多生态合作伙伴与主流车企、全球Tier-1供应商、机器人品牌及行业专家济济一堂。各方聚焦智能汽车与智能机器人产业向上发展议题，共商生态,高,225.0,影响力评分: 225.0,AI科技评论,https://www.leiphone.com/category/transportation/5xtGWhqv0G0BXQky.html,"CEO,突破,发布,首次,合作",2025-12-09 17:48:02
2025-12-09,国内,8,吉利高管：有车企为博流量盲目模仿，拉低中国车设计高度；因「薪资过高」限制招聘信息发布？BOSS直聘回应；曝苹果芯片核心人物将离职,12月9日消息，要闻提示 1.吉利高管：有车企为博流量盲目模仿，拉低抹黑中国车设计高度 2.任正非：华为自力更生是被逼无奈，追赶美国的速度我们还是慢的 3.陈震宣布全面停更：团队保留，将思考公司未来发展方向！粉丝调侃：震哥，润了吧 4.企业起薪8500元招聘员工，BOSS直聘以「薪资过高」为由限制信息发布，双方回应了 5.俞敏洪回应“员工公开信吐槽”：写信的员工不会被整，在正常上班！ 6.科技博主自曝欠下240万,高,225.0,影响力评分: 225.0,AI科技评论,https://www.leiphone.com/category/zaobao/pSwqW9y371CqMZGF.html,"任正非,Gemini 3,AI,发布,创新",2025-12-09 17:48:02
2025-12-09,国内,9,谁将定义中国智算未来？GAIR 2025「AI算力新十年」论坛议程重磅公布,12月9日消息，作者 | 杨依婷 编辑 | 包永刚 2025年12月12日-13日，第八届 GAIR全球人工智能与机器人大会 ，在 深圳·博林天瑞喜来登酒店 举办，三个主题论坛，聚焦大模型、具身智能、算力变革、强化学习与世界模型等多个议题，将再次点亮思想的星火。 自2016年由时任CCF理事长高文院士、雷峰网创始人林军、GAIR研究院院长朱晓蕊等人携手播下第一粒种子，作为国内首个具有全球视野的综合性AI论坛，GA,高,220.0,影响力评分: 220.0,AI科技评论,https://www.leiphone.com/category/chips/7NWjuHuBlTlRNdC8.html,"上市,突破,AI,人工智能,大模型",2025-12-09 17:48:02
2025-12-09,国内,10,何立峰：中美应不断拉长合作清单，为两国经贸关系打开新的合作空间,12月9日消息，中共中央政治局委员、国务院副总理何立峰12月9日下午在京会见美国科恩集团高级顾问艾伦。何立峰表示，今年以来中美两国元首多次通话并在韩国釜山成功会晤，达成一系列重要共识。双方应在两国元首战略引领下，坚持正确方向，保持合作势头，不断拉长合作清单、压缩问题清单。中国即将迈入“十五五”规划开局之年，将持续扩大高水平对外开放，欢迎更多美国企业来华投资兴业，力促中美经贸关系平稳健康可持续发展。艾伦积极评价两国,高,210.0,影响力评分: 210.0,36氪,https://36kr.com/newsflashes/3588247520788486?f=rss,"合作,开放,投资",2025-12-09 17:48:02
2025-12-09,国内,11,里程碑！轻舟智航 × 地平线：单征程 6M 城市 NOA 即将量产上车,12月8日，以 “向高同行” 为主题的 2025 地平线技术生态大会在深圳隆重举办。地平线创始人兼CEO余凯博士现场表示，基于单征程6M的城区辅助驾驶即将量产上车，城区辅助驾驶即将普惠到10万元国民车型。作为地平线重要全球生态伙伴，轻舟智航携手地平线单征程6M开发的行业首个城市NOA项目即将量产上车。据了解，该方案不仅实现技术突破，更将推动高阶智驾普惠，让国民级车型用户也能享受到原本只属于豪华车的,高,200.0,影响力评分: 200.0,AI科技评论,https://www.leiphone.com/category/industrynews/uArg3oAgKS1vS9Bb.html,"领先,合作,CEO,突破",2025-12-09 17:48:02
2025-12-09,国内,12,残暴！众擎T800机器人一脚踹翻老板，网友：多少带点私人恩怨；罗永浩硬件研发出意外，为「补贴家用」做播客；张予彤出任月之暗面总裁,12月9日消息，要闻提示 1.又穿帮了？特斯拉 Optimus 人形机器人演示时摔倒，慌忙做出“摘头显”动作疑露馅 2.太残暴了！众擎T800人形机器人一脚把自家CEO踹翻在地，网友：多少带了点私人恩怨 3.张予彤出任月之暗面总裁，与朱啸虎纠纷还未裁决 4.罗永浩做播客只因来钱快？硬件研发出意外，需要“口才”赚钱补贴 5.原字节高级公关总监杨继斌加入理想汽车 6.IPO 批量造富！摩尔线程诞生多位百亿巨富 7.抖,高,195.0,影响力评分: 195.0,AI科技评论,https://www.leiphone.com/category/zaobao/waPGO5bvsxztp1GN.html,"IPO,CEO,AI,隐私,百亿",2025-12-09 17:48:02
2025-12-09,国内,13,8点1氪｜盒马回应“草莓蛋糕制作中将糖放成盐”；万达集团被恢复执行17亿；国家税务总局：严禁平台向“小哥”转嫁涉税义务,12月9日消息，今日热点导览 12月8日晚下调油价，加满一箱油能少花2元 罗永浩称愿意做世界最好的AI手机 X被罚款1.4亿美元，马斯克回应 iPhone 17 Pro系列降价 因抢购导致秩序问题，胖东来停售小方糖戒指 TOP3大新闻 盒马回应草莓蛋糕出问题：售出约60份 12月8日，“盒马承认生产草莓蛋糕出问题”登上热搜，部分消费者称草莓蛋糕做成了咸口。对此盒马客服回应称，据核实，该商品系个别原料操作偏差影响口,高,190.0,影响力评分: 190.0,36氪,https://36kr.com/p/3587542278471681?f=rss,"AI,罚款,发布,投资,风险",2025-12-09 17:48:02
2025-12-09,国内,14,一汽奔腾携手地平线，基于HSD与征程6P打造好用的全场景城区辅助驾驶系统,12月8日，“向高 同行丨2025地平线技术生态大会”在深圳前海国际会议中心举行，一汽奔腾汽车股份有限公司副总经理、奔腾开发院党委书记、院长杨兴龙出席并发表演讲，宣布一汽奔腾将与地平线携手，基于地平线HSD城区辅助驾驶方案与征程6P，打造好用的全场景城区辅助驾驶系统，加速城区辅助驾驶普惠。 一汽奔腾汽车股份有限公司副总经理、奔腾开发院党委书记、院长杨兴龙 杨兴龙院长表示：“一汽奔腾与地平线的战略合,高,185.0,影响力评分: 185.0,AI科技评论,https://www.leiphone.com/category/transportation/rkboJR8Zn2vTup3M.html,"合作,创新,突破",2025-12-09 17:48:02
2025-12-09,国内,15,仅有一位作者的论文，却补上了城市智能的「最后一公里」,12月9日消息，在城市数字化不断加速的今天，交通管理、环境监测、公共安全等关键领域都面临着一个共同挑战：数据来源分散、质量参差不齐、传感器覆盖有限，导致许多真实世界问题无法依靠单一数据或单一模型得出稳定可靠的判断。 随着城市系统规模迅速扩大，如何整合多源信息，让人工智能真正理解并洞察现实世界，已经成为产业界与科研界共同关注的核心课题。在这一背景下，长期深耕城市计算和多模态智能研究的郑宇教授，用一篇论文为行业带来了,高,185.0,影响力评分: 185.0,AI科技评论,https://www.leiphone.com/category/ai/fw0FBTMf74V6sm8k.html,"领先,人工智能,突破,AI",2025-12-09 17:48:02
2025-12-09,国内,16,氪星晚报｜鸿蒙智行问界、智界、享界、尊界、尚界宣布全面深化战略合作；中国贸促会会长率中国企业家代表团访美；我国成功发射遥感四十七号卫星,12月9日消息，大公司： 山姆回应“麻薯盒内出现活鼠”：初步判断在取货点放置期间被偶然侵入 12月9日，“深圳山姆极速达麻薯盒内出现活鼠”的消息引发热议。山姆回应称，收到相关反馈后，已第一时间联动专业虫害公司开展全链路核查。山姆一直执行严格的虫害消杀制度。经回溯商品制作、包装、仓库上架、拣货等环节的巡查记录与仓内监控视频，均未发现虫害痕迹或异常。综合商品制作、储运环节的虫害检查结果和第三方虫害技术人员鉴定结果，初,高,177.0,影响力评分: 177.0,36氪,https://36kr.com/p/3588167604584710?f=rss,"AI,监控,发布,合作,创新",2025-12-09 17:48:02
2025-12-09,国内,17,为什么一些公司和行业会变得比别的公司、行业更好？｜36氪WISE2025商业之王大会嘉宾超级金句,12月9日消息，11月27-28日，36氪WISE2025商业之王大会在北京朝阳798艺术区传导空间举办。大会在融合传统工业美学与当代艺术氛围的独特场域中，聚集了来自智能硬件、人工智能、机器人、生命科学、零售、投资等兼具前沿和传统领域的商业领袖与创新实践者，围绕“风景这边独好”的大会主题，展开了一场场高质量的思想碰撞与对话，在初冬时节为中国商业界注入信心与能量。 “为什么有一些公司、有些行业会变得比别的公司、行业,高,177.0,影响力评分: 177.0,36氪,https://36kr.com/p/3588036879892485?f=rss,"CEO,人工智能,发布,投资,创新",2025-12-09 17:48:02
2025-12-09,国内,18,极客公园创新大会 2026 在京落幕，罗永浩、张楠、何小鹏、刘靖康等共议 AI 时代「进程由我」,12月9日消息，12 月 6 日-7 日，由极客公园主办、798 文化科技联合主办的「极客公园创新大会 2026」（GeekPark Innovation Festival，以下简称「IF」），在北京 798 艺术区成功举办。 在 AI 的洪流中，真正的稀缺是人、判断和行动。因此，本届大会的主题是「进程由我 On The Loop！」。IF 2026 不仅关注「AI 会带来什么」，更着眼于如何做出重要选择，主动选,高,177.0,影响力评分: 177.0,36氪,https://36kr.com/p/3588024086561028?f=rss,"AI,发布,雷军,投资,创新",2025-12-09 17:48:02
2025-12-09,国内,19,起底“豆包手机”：核心技术探索早已开源，GUI Agent布局近两年，“全球首款真正的AI手机”,12月9日消息，UI-TARS持续进化,高,150.0,影响力评分: 150.0,量子位,https://www.qbitai.com/2025/12/359876.html,"AI,开源",2025-12-09 17:48:02
2025-12-09,国内,20,北大团队发布化学大模型基准SUPERChem：挑战多模态高难度化学推理,12月9日消息，,高,150.0,影响力评分: 150.0,机器之心,https://www.jiqizhixin.com/articles/2025-12-09-6,"大模型,发布",2025-12-09 17:48:02
2025-12-09,国际,1,Trump to issue executive order for single federal rule on AI regulation,12月9日消息，Move to prevent individual US states from regulating tech groups opposed by some Republican senators,高,315.0,影响力评分: 315.0,Financial Times Tech,https://www.ft.com/content/47d54ca4-2ea3-4519-b860-e466ee7802b6,"AI regulation,executive order,AI",2025-12-09 17:48:02
2025-12-09,国际,2,‘ONE RULE’: Trump says he’ll sign an executive order blocking state AI laws despite bipartisan pushback,"12月9日消息，“I will be doing a ONE RULE Executive Order this week,” Trump posted on social media. “You can’t expect a company to get 50 Approvals every time they want to do something.”",高,275.0,影响力评分: 275.0,TechCrunch AI,https://techcrunch.com/2025/12/08/one-rule-trump-says-hell-sign-an-executive-order-blocking-state-ai-laws-despite-bipartisan-pushback/,"AI law,executive order,AI",2025-12-09 17:48:02
2025-12-09,国际,3,"Z.ai debuts open source GLM-4.6V, a native tool-calling vision model for multimodal reasoning","12月9日消息，Chinese AI startup Zhipu AI aka Z.ai has released its GLM-4.6V series , a new generation of open-source vision-language models (VLMs) optimized for multimodal reasoning, frontend automation, and high-",高,266.0,影响力评分: 266.0,VentureBeat AI,https://venturebeat.com/ai/z-ai-debuts-open-source-glm-4-6v-a-native-tool-calling-vision-model-for,"reasoning,billion,AI,bias,multimodal",2025-12-09 17:48:02
2025-12-09,国际,4,Sequoia-Led Funding Vaults AI Startup Fal to $4.5 Billion Valuation,"12月9日消息，Artificial Intelligence startup Fal raised fresh funding from investors in a deal that values the company at $4.5 billion, according to a person familiar with the matter — triple its valuation from a ",高,240.0,影响力评分: 240.0,Bloomberg Technology,https://www.bloomberg.com/news/articles/2025-12-09/sequoia-led-funding-vaults-ai-startup-fal-to-4-5-billion-valuation,"billion,valuation,artificial intelligence,AI",2025-12-09 17:48:02
2025-12-09,国际,5,Google hit with EU antitrust investigation over use of online content for AI,12月9日消息，It's the latest in a string of actions the European Commission has taken against U.S. big tech companies.,高,215.0,影响力评分: 215.0,CNBC Tech,https://www.cnbc.com/2025/12/09/google-hit-with-eu-antitrust-probe-over-use-of-online-content-for-ai.html,"investigation,AI,antitrust",2025-12-09 17:48:02
2025-12-09,国际,6,Multimodal Oncology Agent for IDH1 Mutation Prediction in Low-Grade Glioma,12月9日消息，arXiv:2512.05824v1 Announce Type: new Abstract: Low-grade gliomas frequently present IDH1 mutations that define clinically distinct subgroups with specific prognostic and therapeutic implications. Thi,高,215.0,影响力评分: 215.0,arXiv AI,https://arxiv.org/abs/2512.05824,"reasoning,fine,AI,introduces,multimodal",2025-12-09 17:48:02
2025-12-09,国际,7,PESTalk: Speech-Driven 3D Facial Animation with Personalized Emotional Styles,12月9日消息，arXiv:2512.05121v1 Announce Type: cross Abstract: PESTalk is a novel method for generating 3D facial animations with personalized emotional styles directly from speech. It overcomes key limitations of,高,215.0,影响力评分: 215.0,arXiv AI,https://arxiv.org/abs/2512.05121,"fine,outperforms,valuation,AI,state-of-the-art",2025-12-09 17:48:02
2025-12-09,国际,8,Documenting SME Processes with Conversational AI: From Tacit Knowledge to BPMN,"12月9日消息，arXiv:2512.05122v1 Announce Type: new Abstract: Small and medium-sized enterprises (SMEs) still depend heavily on tacit, experience-based know-how that rarely makes its way into formal documentation. ",高,210.0,影响力评分: 210.0,arXiv AI,https://arxiv.org/abs/2512.05122,"fine,Gemini 2,LLM,AI,introduces",2025-12-09 17:48:02
2025-12-09,国际,9,CureAgent: A Training-Free Executor-Analyst Framework for Clinical Reasoning,"12月9日消息，arXiv:2512.05576v1 Announce Type: new Abstract: Current clinical agent built on small LLMs, such as TxAgent suffer from a \textit{Context Utilization Failure}, where models successfully retrieve biome",高,200.0,影响力评分: 200.0,arXiv AI,https://arxiv.org/abs/2512.05576,"reasoning,fine,outperforms,LLM,AI",2025-12-09 17:48:02
2025-12-09,国际,10,PRiSM: An Agentic Multimodal Benchmark for Scientific Reasoning via Python-Grounded Evaluation,12月9日消息，arXiv:2512.05930v1 Announce Type: new Abstract: Evaluating vision-language models (VLMs) in scientific domains like mathematics and physics poses unique challenges that go far beyond predicting final ,高,200.0,影响力评分: 200.0,arXiv AI,https://arxiv.org/abs/2512.05930,"reasoning,multimodal,valuation,AI",2025-12-09 17:48:02
2025-12-09,国际,11,SymPyBench: A Dynamic Benchmark for Scientific Reasoning with Executable Python Code,"12月9日消息，arXiv:2512.05954v1 Announce Type: new Abstract: We introduce, a large-scale synthetic benchmark of 15,045 university-level physics problems (90/10% train/test split). Each problem is fully parameteriz",高,200.0,影响力评分: 200.0,arXiv AI,https://arxiv.org/abs/2512.05954,"reasoning,valuation,AGI,AI",2025-12-09 17:48:02
2025-12-09,国际,12,MIND: Multi-rationale INtegrated Discriminative Reasoning Framework for Multi-modal Large Models,"12月9日消息，arXiv:2512.05530v1 Announce Type: new Abstract: Recently, multimodal large language models (MLLMs) have been widely applied to reasoning tasks. However, they suffer from limited multi-rationale semant",高,185.0,影响力评分: 185.0,arXiv AI,https://arxiv.org/abs/2512.05530,"reasoning,multimodal,LLM,large language model",2025-12-09 17:48:02
2025-12-09,国际,13,KANFormer for Predicting Fill Probabilities via Survival Analysis in Limit Order Books,"12月9日消息，arXiv:2512.05734v1 Announce Type: new Abstract: This paper introduces KANFormer, a novel deep-learning-based model for predicting the time-to-fill of limit orders by leveraging both market- and agent-",高,185.0,影响力评分: 185.0,arXiv AI,https://arxiv.org/abs/2512.05734,"AGI,introduces,outperforms",2025-12-09 17:48:02
2025-12-09,国际,14,The Missing Layer of AGI: From Pattern Alchemy to Coordination Physics,"12月9日消息，arXiv:2512.05765v1 Announce Type: new Abstract: Influential critiques argue that Large Language Models (LLMs) are a dead end for AGI: ""mere pattern matchers"" structurally incapable of reasoning or pla",高,185.0,影响力评分: 185.0,arXiv AI,https://arxiv.org/abs/2512.05765,"reasoning,AGI,LLM,AI,large language model",2025-12-09 17:48:02
2025-12-09,国际,15,Wells Fargo CEO Sees AI Impacting Companies’ Workforce Decisions,12月9日消息，Wells Fargo & Co. Chief Executive Officer Charlie Scharf said artificial intelligence poses a significant opportunity to improve efficiencies and has the potential to influence companies’ headcount de,高,180.0,影响力评分: 180.0,Bloomberg Technology,https://www.bloomberg.com/news/articles/2025-12-09/wells-fargo-ceo-sees-ai-impacting-companies-workforce-decisions,"chief,CEO,artificial intelligence,AI",2025-12-09 17:48:02
2025-12-09,国际,16,Trump decides to let Nvidia export powerful H200 chips to China,"12月9日消息，Also in today’s newsletter, the US warns the EU to be ‘very careful’ after it fined Elon Musk’s X",高,180.0,影响力评分: 180.0,Financial Times Tech,https://www.ft.com/content/3a1f9360-3466-43f1-92a3-0c3647a8e15a,"fine,H200,Elon Musk",2025-12-09 17:48:02
2025-12-09,国际,17,Tiger Global launches new fund eyeing $2.2 billion raise as it takes more disciplined approach,12月9日消息，Tiger first invested in OpenAI in 2021 at a valuation of less than $16 billion and in Waymo that same year at $39 billion.,高,180.0,影响力评分: 180.0,CNBC Tech,https://www.cnbc.com/2025/12/08/tiger-global-new-fund-ai-valuations.html,"billion,launches,valuation,AI",2025-12-09 17:48:02
2025-12-09,国际,18,"The Download: four (still) big breakthroughs, and how our bodies fare in extreme heat","12月9日消息，This is today’s edition of The Download, our weekday newsletter that provides a daily dose of what’s going on in the world of technology. 4 technologies that didn’t make our 2026 breakthroughs list If",高,180.0,影响力评分: 180.0,MIT Technology Review,https://www.technologyreview.com/2025/12/08/1128982/the-download-four-still-big-breakthroughs-and-how-our-bodies-fare-in-extreme-heat/,"breakthrough,fine,AI",2025-12-09 17:48:02
2025-12-09,国际,19,Nvidia Wins Trump’s Approval to Sell H200 AI Chips in China,"12月9日消息，President Donald Trump granted Nvidia Corp. permission to ship its H200 artificial intelligence chip to China in exchange for a 25% surcharge, a move that lets the world’s most valuable company potent",高,165.0,影响力评分: 165.0,Bloomberg Technology,https://www.bloomberg.com/news/videos/2025-12-09/nvidia-wins-approval-to-sell-h200-ai-chips-in-china-video,"billion,H200,artificial intelligence,AI",2025-12-09 17:48:02
2025-12-09,国际,20,Google Cloud's Jeanette Manfra Shares Cybersecurity Insights,"12月9日消息，Jeanette Manfra, Vice President, Global Risk and Compliance, Google Cloud shares her experience protecting Google Cloud and its entire value chain from cyber threats and also shares insights from her ",高,165.0,影响力评分: 165.0,Bloomberg Technology,https://www.bloomberg.com/news/videos/2025-12-09/google-cloud-s-manfra-cybersecurity-insights-video,"national security,AI",2025-12-09 17:48:02
2025-12-09,国内,1,腾讯与影石Insta360联合发布智能音频新品：攻克垂直定位，定义室内音视频协作新标准｜最前线,12月9日消息，文｜张子怡 编辑｜袁斯来 今年9月下旬，影石Insta360宣布推出Wave AI录音全向麦克风，搭载腾讯天籁Inside解决方案。在近期的媒体沟通会上，双方则首次披露近三年来的深度共创历程。 本次合作，旨在结合影石Insta360在硬件设计上的创新与腾讯云天籁实验室深厚的音频算法积累，解决室内会议、远程协作和专业内容创作场景中的核心音频痛点。 Wave AI录音全向麦克风的市场方向非常明确。一是,高,376.5,影响力评分: 376.5,36氪,https://36kr.com/p/3587781930451205?f=rss,"AI,合作,首次,创新,发布",2025-12-09 18:00:30
2025-12-09,国内,2,xTool黑五网一销售额创新高，日GMV突破1亿元｜最前线,12月9日消息，文｜张子怡 编辑｜袁斯来 36氪了解到，消费级激光雕刻机品牌xTool近日公布了其在2025年“黑色星期五”及“网络星期一”购物节期间的业绩数据。 xTool创始人兼CEO王建军（Jasen Wang）向公司全员发邮件披露称，公司在该旺季促销中的商品交易总额（GMV）较去年同期增长约50%，并首次实现了单日GMV突破1亿元。 这一业绩数据巩固了xTool在全球激光雕刻机领域的市场地位。王建军在内部,高,376.5,影响力评分: 376.5,36氪,https://36kr.com/p/3586724016209031?f=rss,"AI,合作,人工智能,CEO,首次",2025-12-09 18:00:30
2025-12-09,国内,3,美团发布LongCat-Image图像生成模型，编辑能力登顶开源SOTA,12月9日消息，尽管近年来AIGC关键技术不断突破，但图像生成领域始终面临着一个“两难困境”：闭源模型性能强大但难以私有化部署；开源方案在轻量化与高性能之间难以取舍，且缺乏面向商用的专项能力。 针对这一行业痛点，美团LongCat团队近日宣布，开源其最新研发的LongCat-Image模型。该模型通过高性能模型架构设计、系统性的训练策略和数据工程，以6B的紧凑参数规模，在文生图与图像编辑核心能力上逼近了更大尺寸的,高,300.0,影响力评分: 300.0,AI科技评论,https://www.leiphone.com/category/industrynews/2Nh7hNBT3raovZY1.html,"AI,开源,SOTA,开放,发布",2025-12-09 18:00:30
2025-12-09,国内,4,深圳硬件公司做AI陪伴机器人，拿下红杉投资，用户量破百万｜Insight全球,12月9日消息，编者按： 当出海越来越成为一家中国公司核心战略时，如何征战全球市场就成为一个极其专业的话题。在全球化的演变中，已有不少中国品牌站立潮头。鉴于此，硬氪特推出「Insight全球」专栏，从品牌成长与变迁，探索中国品牌出海的前沿方向与时代契机，为出海玩家与行业提供思考与启发。 这是我们专栏第53期——2018年，在陪伴机器人赛道初现雏形时，Enabot赋之科技从宠物陪伴切入推出首款产品EBO S，以解决,高,240.0,影响力评分: 240.0,36氪,https://36kr.com/p/3541396662431875?f=rss,"AI,上市,监控,投资,突破",2025-12-09 18:00:30
2025-12-09,国内,5,The Year Ahead展望2026峰会|凝聚行业共识，共勘寰球商业未来,12月9日消息，2025年11月28日，由《商业周刊》主办，梅赛德斯-奔驰担任首席战略合作伙伴的The Year Ahead 2026展望峰会在上海西岸美高梅酒店圆满落幕。来自各行业的领军者与专业翘楚齐聚一堂，共勘充满潜力的环球商业未来。 The Year Ahead展望峰会由美国彭博集团于2015年创办，通过对宏观经济、金融、能源、医疗健康、科技、零售、农业、交通等领域的分析，帮助商业决策者进行前瞻。多年来，“,高,236.0,影响力评分: 236.0,36氪,https://36kr.com/p/3587965815243013?f=rss,"合作,创新,投资,领先",2025-12-09 18:00:30
2025-12-09,国内,6,二连板博纳影业：《阿凡达3》投资收益权比例较低，对公司短期业绩无重大影响,12月9日消息，36氪获悉，二连板博纳影业披露股票交易异动公告称，公司关注到股吧等投资者交流平台内“《阿凡达3》”有关话题热度较高。需特别说明的是，影片《阿凡达3》尚未在全球院线上映，其票房收入尚难以预计，且公司控股子公司通过与TSG Entertainment Finance LLC合作授予公司《阿凡达3》的投资收益权比例较低，对公司短期业绩无重大影响，敬请投资者理性决策、注意投资风险。,高,225.0,影响力评分: 225.0,36氪,https://36kr.com/newsflashes/3588252928672006?f=rss,"合作,风险,投资,AI",2025-12-09 18:00:30
2025-12-09,国内,7,首届地平线技术生态大会开幕，携手生态伙伴“向高同行”共赴智能未来,12月8日，在智能驾驶从“能用”的商业化突破迈向“好用”的规模化普及这一关键阶段，以“向高同行”为主题的2025首届地平线技术生态大会（Horizon Together 2025）于深圳应势召开。在开放生态的共识引力下，大会汇聚全球产业链决策层的重量级阵容，地平线众多生态合作伙伴与主流车企、全球Tier-1供应商、机器人品牌及行业专家济济一堂。各方聚焦智能汽车与智能机器人产业向上发展议题，共商生态,高,225.0,影响力评分: 225.0,AI科技评论,https://www.leiphone.com/category/transportation/5xtGWhqv0G0BXQky.html,"合作,CEO,首次,开放,发布",2025-12-09 18:00:30
2025-12-09,国内,8,吉利高管：有车企为博流量盲目模仿，拉低中国车设计高度；因「薪资过高」限制招聘信息发布？BOSS直聘回应；曝苹果芯片核心人物将离职,12月9日消息，要闻提示 1.吉利高管：有车企为博流量盲目模仿，拉低抹黑中国车设计高度 2.任正非：华为自力更生是被逼无奈，追赶美国的速度我们还是慢的 3.陈震宣布全面停更：团队保留，将思考公司未来发展方向！粉丝调侃：震哥，润了吧 4.企业起薪8500元招聘员工，BOSS直聘以「薪资过高」为由限制信息发布，双方回应了 5.俞敏洪回应“员工公开信吐槽”：写信的员工不会被整，在正常上班！ 6.科技博主自曝欠下240万,高,225.0,影响力评分: 225.0,AI科技评论,https://www.leiphone.com/category/zaobao/pSwqW9y371CqMZGF.html,"AI,任正非,Gemini 3,创新,发布",2025-12-09 18:00:30
2025-12-09,国内,9,谁将定义中国智算未来？GAIR 2025「AI算力新十年」论坛议程重磅公布,12月9日消息，作者 | 杨依婷 编辑 | 包永刚 2025年12月12日-13日，第八届 GAIR全球人工智能与机器人大会 ，在 深圳·博林天瑞喜来登酒店 举办，三个主题论坛，聚焦大模型、具身智能、算力变革、强化学习与世界模型等多个议题，将再次点亮思想的星火。 自2016年由时任CCF理事长高文院士、雷峰网创始人林军、GAIR研究院院长朱晓蕊等人携手播下第一粒种子，作为国内首个具有全球视野的综合性AI论坛，GA,高,220.0,影响力评分: 220.0,AI科技评论,https://www.leiphone.com/category/chips/7NWjuHuBlTlRNdC8.html,"AI,上市,人工智能,投资,创新",2025-12-09 18:00:30
2025-12-09,国内,10,何立峰：中美应不断拉长合作清单，为两国经贸关系打开新的合作空间,12月9日消息，中共中央政治局委员、国务院副总理何立峰12月9日下午在京会见美国科恩集团高级顾问艾伦。何立峰表示，今年以来中美两国元首多次通话并在韩国釜山成功会晤，达成一系列重要共识。双方应在两国元首战略引领下，坚持正确方向，保持合作势头，不断拉长合作清单、压缩问题清单。中国即将迈入“十五五”规划开局之年，将持续扩大高水平对外开放，欢迎更多美国企业来华投资兴业，力促中美经贸关系平稳健康可持续发展。艾伦积极评价两国,高,210.0,影响力评分: 210.0,36氪,https://36kr.com/newsflashes/3588247520788486?f=rss,"合作,开放,投资",2025-12-09 18:00:30
2025-12-09,国内,11,里程碑！轻舟智航 × 地平线：单征程 6M 城市 NOA 即将量产上车,12月8日，以 “向高同行” 为主题的 2025 地平线技术生态大会在深圳隆重举办。地平线创始人兼CEO余凯博士现场表示，基于单征程6M的城区辅助驾驶即将量产上车，城区辅助驾驶即将普惠到10万元国民车型。作为地平线重要全球生态伙伴，轻舟智航携手地平线单征程6M开发的行业首个城市NOA项目即将量产上车。据了解，该方案不仅实现技术突破，更将推动高阶智驾普惠，让国民级车型用户也能享受到原本只属于豪华车的,高,200.0,影响力评分: 200.0,AI科技评论,https://www.leiphone.com/category/industrynews/uArg3oAgKS1vS9Bb.html,"合作,突破,领先,CEO",2025-12-09 18:00:30
2025-12-09,国内,12,残暴！众擎T800机器人一脚踹翻老板，网友：多少带点私人恩怨；罗永浩硬件研发出意外，为「补贴家用」做播客；张予彤出任月之暗面总裁,12月9日消息，要闻提示 1.又穿帮了？特斯拉 Optimus 人形机器人演示时摔倒，慌忙做出“摘头显”动作疑露馅 2.太残暴了！众擎T800人形机器人一脚把自家CEO踹翻在地，网友：多少带了点私人恩怨 3.张予彤出任月之暗面总裁，与朱啸虎纠纷还未裁决 4.罗永浩做播客只因来钱快？硬件研发出意外，需要“口才”赚钱补贴 5.原字节高级公关总监杨继斌加入理想汽车 6.IPO 批量造富！摩尔线程诞生多位百亿巨富 7.抖,高,195.0,影响力评分: 195.0,AI科技评论,https://www.leiphone.com/category/zaobao/waPGO5bvsxztp1GN.html,"AI,CEO,百亿,IPO,隐私",2025-12-09 18:00:30
2025-12-09,国内,13,8点1氪｜盒马回应“草莓蛋糕制作中将糖放成盐”；万达集团被恢复执行17亿；国家税务总局：严禁平台向“小哥”转嫁涉税义务,12月9日消息，今日热点导览 12月8日晚下调油价，加满一箱油能少花2元 罗永浩称愿意做世界最好的AI手机 X被罚款1.4亿美元，马斯克回应 iPhone 17 Pro系列降价 因抢购导致秩序问题，胖东来停售小方糖戒指 TOP3大新闻 盒马回应草莓蛋糕出问题：售出约60份 12月8日，“盒马承认生产草莓蛋糕出问题”登上热搜，部分消费者称草莓蛋糕做成了咸口。对此盒马客服回应称，据核实，该商品系个别原料操作偏差影响口,高,190.0,影响力评分: 190.0,36氪,https://36kr.com/p/3587542278471681?f=rss,"AI,投资,发布,风险,罚款",2025-12-09 18:00:30
2025-12-09,国内,14,一汽奔腾携手地平线，基于HSD与征程6P打造好用的全场景城区辅助驾驶系统,12月8日，“向高 同行丨2025地平线技术生态大会”在深圳前海国际会议中心举行，一汽奔腾汽车股份有限公司副总经理、奔腾开发院党委书记、院长杨兴龙出席并发表演讲，宣布一汽奔腾将与地平线携手，基于地平线HSD城区辅助驾驶方案与征程6P，打造好用的全场景城区辅助驾驶系统，加速城区辅助驾驶普惠。 一汽奔腾汽车股份有限公司副总经理、奔腾开发院党委书记、院长杨兴龙 杨兴龙院长表示：“一汽奔腾与地平线的战略合,高,185.0,影响力评分: 185.0,AI科技评论,https://www.leiphone.com/category/transportation/rkboJR8Zn2vTup3M.html,"合作,创新,突破",2025-12-09 18:00:30
2025-12-09,国内,15,仅有一位作者的论文，却补上了城市智能的「最后一公里」,12月9日消息，在城市数字化不断加速的今天，交通管理、环境监测、公共安全等关键领域都面临着一个共同挑战：数据来源分散、质量参差不齐、传感器覆盖有限，导致许多真实世界问题无法依靠单一数据或单一模型得出稳定可靠的判断。 随着城市系统规模迅速扩大，如何整合多源信息，让人工智能真正理解并洞察现实世界，已经成为产业界与科研界共同关注的核心课题。在这一背景下，长期深耕城市计算和多模态智能研究的郑宇教授，用一篇论文为行业带来了,高,185.0,影响力评分: 185.0,AI科技评论,https://www.leiphone.com/category/ai/fw0FBTMf74V6sm8k.html,"AI,人工智能,突破,领先",2025-12-09 18:00:30
2025-12-09,国内,16,氪星晚报｜鸿蒙智行问界、智界、享界、尊界、尚界宣布全面深化战略合作；中国贸促会会长率中国企业家代表团访美；我国成功发射遥感四十七号卫星,12月9日消息，大公司： 山姆回应“麻薯盒内出现活鼠”：初步判断在取货点放置期间被偶然侵入 12月9日，“深圳山姆极速达麻薯盒内出现活鼠”的消息引发热议。山姆回应称，收到相关反馈后，已第一时间联动专业虫害公司开展全链路核查。山姆一直执行严格的虫害消杀制度。经回溯商品制作、包装、仓库上架、拣货等环节的巡查记录与仓内监控视频，均未发现虫害痕迹或异常。综合商品制作、储运环节的虫害检查结果和第三方虫害技术人员鉴定结果，初,高,177.0,影响力评分: 177.0,36氪,https://36kr.com/p/3588167604584710?f=rss,"AI,合作,监控,创新,发布",2025-12-09 18:00:30
2025-12-09,国内,17,为什么一些公司和行业会变得比别的公司、行业更好？｜36氪WISE2025商业之王大会嘉宾超级金句,12月9日消息，11月27-28日，36氪WISE2025商业之王大会在北京朝阳798艺术区传导空间举办。大会在融合传统工业美学与当代艺术氛围的独特场域中，聚集了来自智能硬件、人工智能、机器人、生命科学、零售、投资等兼具前沿和传统领域的商业领袖与创新实践者，围绕“风景这边独好”的大会主题，展开了一场场高质量的思想碰撞与对话，在初冬时节为中国商业界注入信心与能量。 “为什么有一些公司、有些行业会变得比别的公司、行业,高,177.0,影响力评分: 177.0,36氪,https://36kr.com/p/3588036879892485?f=rss,"人工智能,CEO,投资,创新,发布",2025-12-09 18:00:30
2025-12-09,国内,18,极客公园创新大会 2026 在京落幕，罗永浩、张楠、何小鹏、刘靖康等共议 AI 时代「进程由我」,12月9日消息，12 月 6 日-7 日，由极客公园主办、798 文化科技联合主办的「极客公园创新大会 2026」（GeekPark Innovation Festival，以下简称「IF」），在北京 798 艺术区成功举办。 在 AI 的洪流中，真正的稀缺是人、判断和行动。因此，本届大会的主题是「进程由我 On The Loop！」。IF 2026 不仅关注「AI 会带来什么」，更着眼于如何做出重要选择，主动选,高,177.0,影响力评分: 177.0,36氪,https://36kr.com/p/3588024086561028?f=rss,"AI,雷军,投资,创新,发布",2025-12-09 18:00:30
2025-12-09,国内,19,起底“豆包手机”：核心技术探索早已开源，GUI Agent布局近两年，“全球首款真正的AI手机”,12月9日消息，UI-TARS持续进化,高,150.0,影响力评分: 150.0,量子位,https://www.qbitai.com/2025/12/359876.html,"开源,AI",2025-12-09 18:00:30
2025-12-09,国内,20,北大团队发布化学大模型基准SUPERChem：挑战多模态高难度化学推理,12月9日消息，,高,150.0,影响力评分: 150.0,机器之心,https://www.jiqizhixin.com/articles/2025-12-09-6,"发布,大模型",2025-12-09 18:00:30
2025-12-09,国际,1,Trump to issue executive order for single federal rule on AI regulation,12月9日消息，Move to prevent individual US states from regulating tech groups opposed by some Republican senators,高,315.0,影响力评分: 315.0,Financial Times Tech,https://www.ft.com/content/47d54ca4-2ea3-4519-b860-e466ee7802b6,"AI,executive order,AI regulation",2025-12-09 18:00:30
2025-12-09,国际,2,‘ONE RULE’: Trump says he’ll sign an executive order blocking state AI laws despite bipartisan pushback,"12月9日消息，“I will be doing a ONE RULE Executive Order this week,” Trump posted on social media. “You can’t expect a company to get 50 Approvals every time they want to do something.”",高,275.0,影响力评分: 275.0,TechCrunch AI,https://techcrunch.com/2025/12/08/one-rule-trump-says-hell-sign-an-executive-order-blocking-state-ai-laws-despite-bipartisan-pushback/,"AI,AI law,executive order",2025-12-09 18:00:30
2025-12-09,国际,3,"Z.ai debuts open source GLM-4.6V, a native tool-calling vision model for multimodal reasoning","12月9日消息，Chinese AI startup Zhipu AI aka Z.ai has released its GLM-4.6V series , a new generation of open-source vision-language models (VLMs) optimized for multimodal reasoning, frontend automation, and high-",高,266.0,影响力评分: 266.0,VentureBeat AI,https://venturebeat.com/ai/z-ai-debuts-open-source-glm-4-6v-a-native-tool-calling-vision-model-for,"AI,billion,reasoning,bias,multimodal",2025-12-09 18:00:30
2025-12-09,国际,4,Sequoia-Led Funding Vaults AI Startup Fal to $4.5 Billion Valuation,"12月9日消息，Artificial Intelligence startup Fal raised fresh funding from investors in a deal that values the company at $4.5 billion, according to a person familiar with the matter — triple its valuation from a ",高,240.0,影响力评分: 240.0,Bloomberg Technology,https://www.bloomberg.com/news/articles/2025-12-09/sequoia-led-funding-vaults-ai-startup-fal-to-4-5-billion-valuation,"AI,valuation,billion,artificial intelligence",2025-12-09 18:00:30
2025-12-09,国际,5,Google hit with EU antitrust investigation over use of online content for AI,12月9日消息，It's the latest in a string of actions the European Commission has taken against U.S. big tech companies.,高,215.0,影响力评分: 215.0,CNBC Tech,https://www.cnbc.com/2025/12/09/google-hit-with-eu-antitrust-probe-over-use-of-online-content-for-ai.html,"AI,investigation,antitrust",2025-12-09 18:00:30
2025-12-09,国际,6,Multimodal Oncology Agent for IDH1 Mutation Prediction in Low-Grade Glioma,12月9日消息，arXiv:2512.05824v1 Announce Type: new Abstract: Low-grade gliomas frequently present IDH1 mutations that define clinically distinct subgroups with specific prognostic and therapeutic implications. Thi,高,215.0,影响力评分: 215.0,arXiv AI,https://arxiv.org/abs/2512.05824,"AI,fine,reasoning,multimodal,introduces",2025-12-09 18:00:30
2025-12-09,国际,7,PESTalk: Speech-Driven 3D Facial Animation with Personalized Emotional Styles,12月9日消息，arXiv:2512.05121v1 Announce Type: cross Abstract: PESTalk is a novel method for generating 3D facial animations with personalized emotional styles directly from speech. It overcomes key limitations of,高,215.0,影响力评分: 215.0,arXiv AI,https://arxiv.org/abs/2512.05121,"AI,valuation,outperforms,fine,state-of-the-art",2025-12-09 18:00:30
2025-12-09,国际,8,Documenting SME Processes with Conversational AI: From Tacit Knowledge to BPMN,"12月9日消息，arXiv:2512.05122v1 Announce Type: new Abstract: Small and medium-sized enterprises (SMEs) still depend heavily on tacit, experience-based know-how that rarely makes its way into formal documentation. ",高,210.0,影响力评分: 210.0,arXiv AI,https://arxiv.org/abs/2512.05122,"AI,LLM,Gemini 2,fine,introduces",2025-12-09 18:00:30
2025-12-09,国际,9,CureAgent: A Training-Free Executor-Analyst Framework for Clinical Reasoning,"12月9日消息，arXiv:2512.05576v1 Announce Type: new Abstract: Current clinical agent built on small LLMs, such as TxAgent suffer from a \textit{Context Utilization Failure}, where models successfully retrieve biome",高,200.0,影响力评分: 200.0,arXiv AI,https://arxiv.org/abs/2512.05576,"AI,outperforms,LLM,fine,reasoning",2025-12-09 18:00:30
2025-12-09,国际,10,PRiSM: An Agentic Multimodal Benchmark for Scientific Reasoning via Python-Grounded Evaluation,12月9日消息，arXiv:2512.05930v1 Announce Type: new Abstract: Evaluating vision-language models (VLMs) in scientific domains like mathematics and physics poses unique challenges that go far beyond predicting final ,高,200.0,影响力评分: 200.0,arXiv AI,https://arxiv.org/abs/2512.05930,"AI,valuation,multimodal,reasoning",2025-12-09 18:00:30
2025-12-09,国际,11,SymPyBench: A Dynamic Benchmark for Scientific Reasoning with Executable Python Code,"12月9日消息，arXiv:2512.05954v1 Announce Type: new Abstract: We introduce, a large-scale synthetic benchmark of 15,045 university-level physics problems (90/10% train/test split). Each problem is fully parameteriz",高,200.0,影响力评分: 200.0,arXiv AI,https://arxiv.org/abs/2512.05954,"AI,AGI,reasoning,valuation",2025-12-09 18:00:30
2025-12-09,国际,12,MIND: Multi-rationale INtegrated Discriminative Reasoning Framework for Multi-modal Large Models,"12月9日消息，arXiv:2512.05530v1 Announce Type: new Abstract: Recently, multimodal large language models (MLLMs) have been widely applied to reasoning tasks. However, they suffer from limited multi-rationale semant",高,185.0,影响力评分: 185.0,arXiv AI,https://arxiv.org/abs/2512.05530,"multimodal,reasoning,LLM,large language model",2025-12-09 18:00:30
2025-12-09,国际,13,KANFormer for Predicting Fill Probabilities via Survival Analysis in Limit Order Books,"12月9日消息，arXiv:2512.05734v1 Announce Type: new Abstract: This paper introduces KANFormer, a novel deep-learning-based model for predicting the time-to-fill of limit orders by leveraging both market- and agent-",高,185.0,影响力评分: 185.0,arXiv AI,https://arxiv.org/abs/2512.05734,"AGI,outperforms,introduces",2025-12-09 18:00:30
2025-12-09,国际,14,The Missing Layer of AGI: From Pattern Alchemy to Coordination Physics,"12月9日消息，arXiv:2512.05765v1 Announce Type: new Abstract: Influential critiques argue that Large Language Models (LLMs) are a dead end for AGI: ""mere pattern matchers"" structurally incapable of reasoning or pla",高,185.0,影响力评分: 185.0,arXiv AI,https://arxiv.org/abs/2512.05765,"AI,AGI,LLM,reasoning,large language model",2025-12-09 18:00:30
2025-12-09,国际,15,Wells Fargo CEO Sees AI Impacting Companies’ Workforce Decisions,12月9日消息，Wells Fargo & Co. Chief Executive Officer Charlie Scharf said artificial intelligence poses a significant opportunity to improve efficiencies and has the potential to influence companies’ headcount de,高,180.0,影响力评分: 180.0,Bloomberg Technology,https://www.bloomberg.com/news/articles/2025-12-09/wells-fargo-ceo-sees-ai-impacting-companies-workforce-decisions,"chief,artificial intelligence,AI,CEO",2025-12-09 18:00:30
2025-12-09,国际,16,Trump decides to let Nvidia export powerful H200 chips to China,"12月9日消息，Also in today’s newsletter, the US warns the EU to be ‘very careful’ after it fined Elon Musk’s X",高,180.0,影响力评分: 180.0,Financial Times Tech,https://www.ft.com/content/3a1f9360-3466-43f1-92a3-0c3647a8e15a,"Elon Musk,fine,H200",2025-12-09 18:00:30
2025-12-09,国际,17,Tiger Global launches new fund eyeing $2.2 billion raise as it takes more disciplined approach,12月9日消息，Tiger first invested in OpenAI in 2021 at a valuation of less than $16 billion and in Waymo that same year at $39 billion.,高,180.0,影响力评分: 180.0,CNBC Tech,https://www.cnbc.com/2025/12/08/tiger-global-new-fund-ai-valuations.html,"AI,valuation,billion,launches",2025-12-09 18:00:30
2025-12-09,国际,18,"The Download: four (still) big breakthroughs, and how our bodies fare in extreme heat","12月9日消息，This is today’s edition of The Download, our weekday newsletter that provides a daily dose of what’s going on in the world of technology. 4 technologies that didn’t make our 2026 breakthroughs list If",高,180.0,影响力评分: 180.0,MIT Technology Review,https://www.technologyreview.com/2025/12/08/1128982/the-download-four-still-big-breakthroughs-and-how-our-bodies-fare-in-extreme-heat/,"breakthrough,AI,fine",2025-12-09 18:00:30
2025-12-09,国际,19,Nvidia Wins Trump’s Approval to Sell H200 AI Chips in China,"12月9日消息，President Donald Trump granted Nvidia Corp. permission to ship its H200 artificial intelligence chip to China in exchange for a 25% surcharge, a move that lets the world’s most valuable company potent",高,165.0,影响力评分: 165.0,Bloomberg Technology,https://www.bloomberg.com/news/videos/2025-12-09/nvidia-wins-approval-to-sell-h200-ai-chips-in-china-video,"AI,billion,artificial intelligence,H200",2025-12-09 18:00:30
2025-12-09,国际,20,Google Cloud's Jeanette Manfra Shares Cybersecurity Insights,"12月9日消息，Jeanette Manfra, Vice President, Global Risk and Compliance, Google Cloud shares her experience protecting Google Cloud and its entire value chain from cyber threats and also shares insights from her ",高,165.0,影响力评分: 165.0,Bloomberg Technology,https://www.bloomberg.com/news/videos/2025-12-09/google-cloud-s-manfra-cybersecurity-insights-video,"national security,AI",2025-12-09 18:00:30
2025-12-10,国内,1,国务院发布《人工智能产业高质量发展行动计划》,12月10日消息，国务院正式发布《人工智能产业高质量发展行动计划（2024-2027）》，提出到2027年我国人工智能核心产业规模超过万亿元，培育10家以上具有国际竞争力的AI企业，形成完整的人工智能产业链。,高,98.5,国家级重大政策，影响全行业发展方向,中国政府网,https://www.gov.cn/,"政策,国务院,产业规划",2025-12-10 14:16:20
2025-12-10,国内,2,智谱AI发布GLM-5基座大模型,12月10日消息，智谱AI正式发布新一代基座大模型GLM-5，参数规模达到1.8万亿，在多项权威基准测试中超越GPT-4 Turbo，支持128K超长上下文，并宣布向开发者开放API接口。,高,92.0,国产大模型重大突破，性能对标国际顶级水平,智谱AI官方,https://www.zhipuai.cn/,"智谱AI,GLM-5,大模型,开放API",2025-12-10 14:16:20
2025-12-10,国内,3,百度发布文心一言5.0及ERNIE 4.5 Turbo,12月10日消息，百度在AI开发者大会上发布文心一言5.0版本和ERNIE 4.5 Turbo模型，推理速度提升3倍，API调用成本降低60%，并宣布文心一言用户数突破3亿。,高,88.5,头部厂商重大产品更新，推动大模型普及,百度,https://yiyan.baidu.com/,"百度,文心一言,ERNIE,降价",2025-12-10 14:16:20
2025-12-10,国内,4,华为发布昇腾910C AI芯片,12月10日消息，华为正式发布新一代昇腾910C AI训练芯片，采用先进制程工艺，算力达到640 TFLOPS，较上代提升80%，将大规模应用于国产AI服务器和智算中心。,高,90.0,国产AI芯片重大突破，填补算力缺口,华为,https://www.huawei.com/,"华为,昇腾,AI芯片,算力",2025-12-10 14:16:20
2025-12-10,国内,5,阿里通义千问开源Qwen2.5-Max模型,12月10日消息，阿里云宣布开源通义千问Qwen2.5-Max模型，提供1100亿参数版本，在代码生成、数学推理等任务上达到业界领先水平，并在Hugging Face平台开放下载。,高,85.0,超大规模模型开源，推动AI民主化,阿里达摩院,https://tongyi.aliyun.com/,"阿里,通义千问,开源,Qwen2.5",2025-12-10 14:16:20
2025-12-10,国内,6,商汤科技发布日日新SenseNova 6.0,12月10日消息，商汤科技发布日日新SenseNova 6.0大模型体系，实现端到端多模态统一架构，支持视频理解和生成，并推出面向企业的定制化解决方案。,中,72.0,多模态技术演进，企业级应用拓展,商汤科技,https://www.sensetime.com/,"商汤科技,日日新,多模态",2025-12-10 14:16:20
2025-12-10,国内,7,字节跳动豆包大模型月活突破1亿,12月10日消息，字节跳动宣布旗下AI助手豆包月活跃用户突破1亿，成为国内用户规模最大的AI原生应用，同时推出豆包专业版，面向开发者和企业用户。,中,68.0,用户规模里程碑，验证C端AI应用需求,字节跳动,https://www.doubao.com/,"字节跳动,豆包,用户增长",2025-12-10 14:16:20
2025-12-10,国内,8,科大讯飞星火大模型V4.5发布,12月10日消息，科大讯飞发布星火大模型V4.5版本，在教育、医疗、政务等垂直领域能力显著提升，并宣布与50家行业伙伴达成战略合作。,中,65.0,垂直领域应用深化，产业生态扩展,科大讯飞,https://xinghuo.xfyun.cn/,"科大讯飞,星火,垂直应用",2025-12-10 14:16:20
2025-12-10,国内,9,北京发布全国首个AI大模型应用地方标准,12月10日消息，北京市市场监管局发布《人工智能大模型应用规范》地方标准，成为全国首个针对大模型应用的地方标准，为行业规范发展提供指引。,中,62.0,首个地方标准出台，推动合规发展,北京市政府,https://www.beijing.gov.cn/,"北京,地方标准,监管",2025-12-10 14:16:20
2025-12-10,国内,10,清华大学团队发布新型视觉语言模型,12月10日消息，清华大学计算机系团队在Nature子刊发表论文，提出创新的视觉-语言对齐架构，在视觉问答任务上取得SOTA性能，论文已获最佳论文奖提名。,中,58.0,学术突破，提升国际影响力,清华大学,https://www.tsinghua.edu.cn/,"清华大学,学术,视觉语言模型",2025-12-10 14:16:20
2025-12-10,国际,1,美国发布AI芯片出口新规，限制范围扩大,12月10日消息，美国商务部工业与安全局(BIS)发布更新的半导体出口管制规则，将AI芯片出口限制扩展至更多国家和地区，同时收紧对先进制造设备的管控，新规将于90天后生效。,高,100.0,重大政策变化，影响全球AI产业供应链,US Commerce Dept,https://www.commerce.gov/,"美国,出口管制,AI芯片,制裁",2025-12-10 14:16:20
2025-12-10,国际,2,OpenAI正式发布GPT-5,12月10日消息，OpenAI正式发布GPT-5大语言模型，采用全新的混合架构，在推理、编程、多模态理解等方面实现重大突破，上下文窗口扩展至100万tokens，CEO Sam Altman称其为'迈向AGI的关键一步'。,高,98.0,旗舰产品发布，定义AI能力新标杆,OpenAI Blog,https://openai.com/,"OpenAI,GPT-5,AGI,重大发布",2025-12-10 14:16:20
2025-12-10,国际,3,英伟达发布Blackwell Ultra芯片,12月10日消息，英伟达在GTC大会上发布新一代Blackwell Ultra AI芯片，算力达到40 PFLOPS，较H100提升5倍，同时公布与多家云厂商的部署计划，预计明年Q1量产。,高,95.0,算力基础设施重大升级，影响AI训练效率,NVIDIA AI,https://www.nvidia.com/,"英伟达,Blackwell,AI芯片,算力",2025-12-10 14:16:20
2025-12-10,国际,4,谷歌DeepMind发布Gemini 2.5 Ultra,12月10日消息，谷歌DeepMind发布Gemini 2.5 Ultra多模态大模型，在数学、科学推理、代码生成等任务上超越GPT-5基准版，支持实时视频理解和多轮对话记忆。,高,92.0,顶级厂商竞争升级，多模态能力新突破,DeepMind Blog,https://deepmind.google/,"谷歌,Gemini,多模态,DeepMind",2025-12-10 14:16:20
2025-12-10,国际,5,欧盟《人工智能法案》正式全面生效,12月10日消息，欧盟《人工智能法案》(AI Act)正式全面生效，成为全球首部全面监管AI的立法。高风险AI系统需在6个月内完成合规，违规企业将面临最高3500万欧元或全球营收7%的罚款。,高,90.0,全球首部AI监管法律生效，影响深远,EU AI Policy,https://ec.europa.eu/,"欧盟,AI Act,监管,合规",2025-12-10 14:16:20
2025-12-10,国际,6,Anthropic发布Claude 4 Opus,12月10日消息，Anthropic发布Claude 4 Opus模型，在安全性和有用性之间取得更好平衡，长文本处理能力显著提升，同时推出企业版API，支持私有化部署。,高,88.0,顶级竞品更新，AI安全领域引领者,Anthropic,https://www.anthropic.com/,"Anthropic,Claude,AI安全",2025-12-10 14:16:20
2025-12-10,国际,7,Meta开源Llama 4模型家族,12月10日消息，Meta正式开源Llama 4系列模型，包含8B到400B多个规格，采用混合专家架构(MoE)，在开源社区反响热烈，24小时内下载量突破100万次。,高,85.0,超大规模开源，推动AI民主化进程,Meta AI,https://ai.meta.com/,"Meta,Llama 4,开源,MoE",2025-12-10 14:16:20
2025-12-10,国际,8,xAI完成新一轮120亿美元融资,12月10日消息，Elon Musk旗下xAI宣布完成新一轮120亿美元融资，估值达到500亿美元，所融资金将用于扩建超算中心和Grok模型研发。,高,82.0,史上最大AI融资之一，验证行业热度,Bloomberg Technology,https://x.ai/,"xAI,融资,Elon Musk,Grok",2025-12-10 14:16:20
2025-12-10,国际,9,MIT研究团队实现量子-经典混合AI突破,12月10日消息，MIT研究团队在Nature发表论文，首次实现量子计算与经典神经网络的高效混合架构，在特定优化问题上实现指数级加速，被评为'年度重大科学突破'。,高,80.0,基础研究重大突破，开辟新技术路径,MIT News AI,https://news.mit.edu/,"MIT,量子计算,学术突破,Nature",2025-12-10 14:16:20
2025-12-10,国际,10,微软Azure AI推出GPT-5托管服务,12月10日消息，微软宣布Azure OpenAI Service支持GPT-5模型托管，提供企业级SLA保障，同时推出新的成本优化方案，API调用成本降低40%。,中,72.0,云服务升级，降低企业AI使用门槛,Microsoft AI Blog,https://azure.microsoft.com/,"微软,Azure,GPT-5,云服务",2025-12-10 14:16:20
2025-12-10,国际,11,RAND智库发布AI地缘政治影响报告,12月10日消息，美国兰德公司发布《人工智能与地缘政治竞争》研究报告，分析AI技术发展对国际关系格局的影响，建议美国加强与盟友的AI合作。,中,68.0,权威智库分析，政策参考价值高,RAND Corporation AI,https://www.rand.org/,"RAND,智库,地缘政治,战略",2025-12-10 14:16:20
2025-12-10,国际,12,斯坦福HAI发布2024 AI指数年度报告,12月10日消息，斯坦福大学人类中心人工智能研究院(HAI)发布年度AI指数报告，数据显示全球AI投资总额达2000亿美元，生成式AI占比首次超过50%。,中,65.0,权威年度报告，全景展示行业发展,Stanford HAI,https://hai.stanford.edu/,"斯坦福,HAI,报告,投资",2025-12-10 14:16:20
2025-12-10,国内,1,国务院发布《人工智能产业高质量发展行动计划》,12月10日消息，国务院正式发布《人工智能产业高质量发展行动计划（2024-2027）》，提出到2027年我国人工智能核心产业规模超过万亿元，培育10家以上具有国际竞争力的AI企业，形成完整的人工智能产业链。,高,98.5,国家级重大政策，影响全行业发展方向,中国政府网,https://www.gov.cn/,"政策,国务院,产业规划",2025-12-10 15:49:55
2025-12-10,国内,2,智谱AI发布GLM-5基座大模型,12月10日消息，智谱AI正式发布新一代基座大模型GLM-5，参数规模达到1.8万亿，在多项权威基准测试中超越GPT-4 Turbo，支持128K超长上下文，并宣布向开发者开放API接口。,高,92.0,国产大模型重大突破，性能对标国际顶级水平,智谱AI官方,https://www.zhipuai.cn/,"智谱AI,GLM-5,大模型,开放API",2025-12-10 15:49:55
2025-12-10,国内,3,百度发布文心一言5.0及ERNIE 4.5 Turbo,12月10日消息，百度在AI开发者大会上发布文心一言5.0版本和ERNIE 4.5 Turbo模型，推理速度提升3倍，API调用成本降低60%，并宣布文心一言用户数突破3亿。,高,88.5,头部厂商重大产品更新，推动大模型普及,百度,https://yiyan.baidu.com/,"百度,文心一言,ERNIE,降价",2025-12-10 15:49:55
2025-12-10,国内,4,华为发布昇腾910C AI芯片,12月10日消息，华为正式发布新一代昇腾910C AI训练芯片，采用先进制程工艺，算力达到640 TFLOPS，较上代提升80%，将大规模应用于国产AI服务器和智算中心。,高,90.0,国产AI芯片重大突破，填补算力缺口,华为,https://www.huawei.com/,"华为,昇腾,AI芯片,算力",2025-12-10 15:49:55
2025-12-10,国内,5,阿里通义千问开源Qwen2.5-Max模型,12月10日消息，阿里云宣布开源通义千问Qwen2.5-Max模型，提供1100亿参数版本，在代码生成、数学推理等任务上达到业界领先水平，并在Hugging Face平台开放下载。,高,85.0,超大规模模型开源，推动AI民主化,阿里达摩院,https://tongyi.aliyun.com/,"阿里,通义千问,开源,Qwen2.5",2025-12-10 15:49:55
2025-12-10,国内,6,商汤科技发布日日新SenseNova 6.0,12月10日消息，商汤科技发布日日新SenseNova 6.0大模型体系，实现端到端多模态统一架构，支持视频理解和生成，并推出面向企业的定制化解决方案。,中,72.0,多模态技术演进，企业级应用拓展,商汤科技,https://www.sensetime.com/,"商汤科技,日日新,多模态",2025-12-10 15:49:55
2025-12-10,国内,7,字节跳动豆包大模型月活突破1亿,12月10日消息，字节跳动宣布旗下AI助手豆包月活跃用户突破1亿，成为国内用户规模最大的AI原生应用，同时推出豆包专业版，面向开发者和企业用户。,中,68.0,用户规模里程碑，验证C端AI应用需求,字节跳动,https://www.doubao.com/,"字节跳动,豆包,用户增长",2025-12-10 15:49:55
2025-12-10,国内,8,科大讯飞星火大模型V4.5发布,12月10日消息，科大讯飞发布星火大模型V4.5版本，在教育、医疗、政务等垂直领域能力显著提升，并宣布与50家行业伙伴达成战略合作。,中,65.0,垂直领域应用深化，产业生态扩展,科大讯飞,https://xinghuo.xfyun.cn/,"科大讯飞,星火,垂直应用",2025-12-10 15:49:55
2025-12-10,国内,9,北京发布全国首个AI大模型应用地方标准,12月10日消息，北京市市场监管局发布《人工智能大模型应用规范》地方标准，成为全国首个针对大模型应用的地方标准，为行业规范发展提供指引。,中,62.0,首个地方标准出台，推动合规发展,北京市政府,https://www.beijing.gov.cn/,"北京,地方标准,监管",2025-12-10 15:49:55
2025-12-10,国内,10,清华大学团队发布新型视觉语言模型,12月10日消息，清华大学计算机系团队在Nature子刊发表论文，提出创新的视觉-语言对齐架构，在视觉问答任务上取得SOTA性能，论文已获最佳论文奖提名。,中,58.0,学术突破，提升国际影响力,清华大学,https://www.tsinghua.edu.cn/,"清华大学,学术,视觉语言模型",2025-12-10 15:49:55
2025-12-10,国际,1,美国发布AI芯片出口新规,12月10日消息，美国商务部工业与安全局发布更新的半导体出口管制规则，将AI芯片出口限制扩展至更多国家和地区，收紧对先进制造设备的管控，涉及英伟达、AMD等主要芯片厂商，新规将于90天后正式生效。,高,100.0,重大政策变化，影响全球AI产业供应链,美国商务部,https://www.commerce.gov/,"美国,出口管制,AI芯片,制裁",2025-12-10 15:49:55
2025-12-10,国际,2,OpenAI正式发布GPT-5,12月10日消息，OpenAI正式发布GPT-5大语言模型，采用全新混合架构在推理、编程、多模态理解等方面实现重大突破，上下文窗口扩展至100万tokens，首席执行官奥特曼称其为迈向通用人工智能的关键一步。,高,98.0,旗舰产品发布，定义AI能力新标杆,OpenAI官方博客,https://openai.com/,"OpenAI,GPT-5,AGI,重大发布",2025-12-10 15:49:55
2025-12-10,国际,3,英伟达发布Blackwell Ultra芯片,12月10日消息，英伟达在GTC大会上发布新一代Blackwell Ultra人工智能芯片，单卡算力达到40PFLOPS较H100提升5倍，同时公布与亚马逊、微软、谷歌等多家云厂商的部署计划，预计明年第一季度实现量产。,高,95.0,算力基础设施重大升级，影响AI训练效率,英伟达官网,https://www.nvidia.com/,"英伟达,Blackwell,AI芯片,算力",2025-12-10 15:49:55
2025-12-10,国际,4,谷歌DeepMind发布Gemini 2.5 Ultra,12月10日消息，谷歌DeepMind发布Gemini 2.5 Ultra多模态大模型，在数学推理、科学问答、代码生成等任务上超越GPT-5基准版本，支持实时视频理解和多轮对话记忆功能。,高,92.0,顶级厂商竞争升级，多模态能力新突破,谷歌DeepMind,https://deepmind.google/,"谷歌,Gemini,多模态,DeepMind",2025-12-10 15:49:55
2025-12-10,国际,5,欧盟《人工智能法案》正式全面生效,12月10日消息，欧盟《人工智能法案》正式全面生效成为全球首部全面监管人工智能的立法，高风险AI系统需在6个月内完成合规审查，违规企业将面临最高3500万欧元或全球营收7%的罚款。,高,90.0,全球首部AI监管法律生效，影响深远,欧盟委员会,https://ec.europa.eu/,"欧盟,AI法案,监管,合规",2025-12-10 15:49:55
2025-12-10,国际,6,Anthropic发布Claude 4 Opus模型,12月10日消息，人工智能公司Anthropic发布Claude 4 Opus模型，在安全性和实用性之间取得更好平衡，长文本处理能力显著提升支持20万字上下文，同时推出企业版接口支持私有化部署。,高,88.0,顶级竞品更新，AI安全领域引领者,Anthropic官网,https://www.anthropic.com/,"Anthropic,Claude,AI安全",2025-12-10 15:49:55
2025-12-10,国际,7,Meta开源Llama 4模型家族,12月10日消息，Meta正式开源Llama 4系列大语言模型，包含80亿到4000亿参数多个规格版本，采用混合专家架构在开源社区反响热烈，发布24小时内下载量突破100万次。,高,85.0,超大规模开源，推动AI民主化进程,Meta人工智能,https://ai.meta.com/,"Meta,Llama 4,开源,MoE",2025-12-10 15:49:55
2025-12-10,国际,8,马斯克xAI完成120亿美元融资,12月10日消息，埃隆·马斯克旗下人工智能公司xAI宣布完成新一轮120亿美元融资，公司估值达到500亿美元，所融资金将用于扩建超级计算中心和Grok大模型研发。,高,82.0,史上最大AI融资之一，验证行业热度,彭博科技,https://x.ai/,"xAI,融资,马斯克,Grok",2025-12-10 15:49:55
2025-12-10,国际,9,麻省理工实现量子AI重大突破,12月10日消息，麻省理工学院研究团队在《自然》杂志发表论文，首次实现量子计算与经典神经网络的高效混合架构，在特定优化问题上实现指数级加速，被评为年度重大科学突破。,高,80.0,基础研究重大突破，开辟新技术路径,麻省理工新闻,https://news.mit.edu/,"麻省理工,量子计算,学术突破,Nature",2025-12-10 15:49:55
2025-12-10,国际,10,微软Azure推出GPT-5托管服务,12月10日消息，微软宣布Azure云平台正式支持GPT-5模型托管服务，提供企业级服务保障协议，同时推出新的成本优化方案使API调用成本降低40%。,中,72.0,云服务升级，降低企业AI使用门槛,微软Azure,https://azure.microsoft.com/,"微软,Azure,GPT-5,云服务",2025-12-10 15:49:55
2025-12-10,国际,11,兰德智库发布AI地缘政治报告,12月10日消息，美国兰德公司发布《人工智能与地缘政治竞争》研究报告，系统分析人工智能技术发展对国际关系格局的深远影响，建议美国政府加强与盟友在AI领域的战略合作。,中,68.0,权威智库分析，政策参考价值高,兰德公司,https://www.rand.org/,"兰德,智库,地缘政治,战略",2025-12-10 15:49:55
2025-12-10,国际,12,斯坦福发布年度AI指数报告,12月10日消息，斯坦福大学人类中心人工智能研究院发布年度AI指数报告，数据显示全球人工智能投资总额达2000亿美元创历史新高，生成式AI投资占比首次超过50%。,中,65.0,权威年度报告，全景展示行业发展,斯坦福HAI,https://hai.stanford.edu/,"斯坦福,HAI,报告,投资",2025-12-10 15:49:55
2025-12-10,国内,1,国务院发布《人工智能产业高质量发展行动计划》,12月10日消息，国务院正式发布《人工智能产业高质量发展行动计划（2024-2027）》，提出到2027年我国人工智能核心产业规模超过万亿元，培育10家以上具有国际竞争力的AI企业，形成完整的人工智能产业链。,高,98.5,国家级重大政策，影响全行业发展方向,中国政府网,https://www.gov.cn/,"政策,国务院,产业规划",2025-12-10 15:59:21
2025-12-10,国内,2,智谱AI发布GLM-5基座大模型,12月10日消息，智谱AI正式发布新一代基座大模型GLM-5，参数规模达到1.8万亿，在多项权威基准测试中超越GPT-4 Turbo，支持128K超长上下文，并宣布向开发者开放API接口。,高,92.0,国产大模型重大突破，性能对标国际顶级水平,智谱AI官方,https://www.zhipuai.cn/,"智谱AI,GLM-5,大模型,开放API",2025-12-10 15:59:21
2025-12-10,国内,3,百度发布文心一言5.0及ERNIE 4.5 Turbo,12月10日消息，百度在AI开发者大会上发布文心一言5.0版本和ERNIE 4.5 Turbo模型，推理速度提升3倍，API调用成本降低60%，并宣布文心一言用户数突破3亿。,高,88.5,头部厂商重大产品更新，推动大模型普及,百度,https://yiyan.baidu.com/,"百度,文心一言,ERNIE,降价",2025-12-10 15:59:21
2025-12-10,国内,4,华为发布昇腾910C AI芯片,12月10日消息，华为正式发布新一代昇腾910C AI训练芯片，采用先进制程工艺，算力达到640 TFLOPS，较上代提升80%，将大规模应用于国产AI服务器和智算中心。,高,90.0,国产AI芯片重大突破，填补算力缺口,华为,https://www.huawei.com/,"华为,昇腾,AI芯片,算力",2025-12-10 15:59:21
2025-12-10,国内,5,阿里通义千问开源Qwen2.5-Max模型,12月10日消息，阿里云宣布开源通义千问Qwen2.5-Max模型，提供1100亿参数版本，在代码生成、数学推理等任务上达到业界领先水平，并在Hugging Face平台开放下载。,高,85.0,超大规模模型开源，推动AI民主化,阿里达摩院,https://tongyi.aliyun.com/,"阿里,通义千问,开源,Qwen2.5",2025-12-10 15:59:21
2025-12-10,国内,6,商汤科技发布日日新SenseNova 6.0,12月10日消息，商汤科技发布日日新SenseNova 6.0大模型体系，实现端到端多模态统一架构，支持视频理解和生成，并推出面向企业的定制化解决方案。,中,72.0,多模态技术演进，企业级应用拓展,商汤科技,https://www.sensetime.com/,"商汤科技,日日新,多模态",2025-12-10 15:59:21
2025-12-10,国内,7,字节跳动豆包大模型月活突破1亿,12月10日消息，字节跳动宣布旗下AI助手豆包月活跃用户突破1亿，成为国内用户规模最大的AI原生应用，同时推出豆包专业版，面向开发者和企业用户。,中,68.0,用户规模里程碑，验证C端AI应用需求,字节跳动,https://www.doubao.com/,"字节跳动,豆包,用户增长",2025-12-10 15:59:21
2025-12-10,国内,8,科大讯飞星火大模型V4.5发布,12月10日消息，科大讯飞发布星火大模型V4.5版本，在教育、医疗、政务等垂直领域能力显著提升，并宣布与50家行业伙伴达成战略合作。,中,65.0,垂直领域应用深化，产业生态扩展,科大讯飞,https://xinghuo.xfyun.cn/,"科大讯飞,星火,垂直应用",2025-12-10 15:59:21
2025-12-10,国内,9,北京发布全国首个AI大模型应用地方标准,12月10日消息，北京市市场监管局发布《人工智能大模型应用规范》地方标准，成为全国首个针对大模型应用的地方标准，为行业规范发展提供指引。,中,62.0,首个地方标准出台，推动合规发展,北京市政府,https://www.beijing.gov.cn/,"北京,地方标准,监管",2025-12-10 15:59:21
2025-12-10,国内,10,清华大学团队发布新型视觉语言模型,12月10日消息，清华大学计算机系团队在Nature子刊发表论文，提出创新的视觉-语言对齐架构，在视觉问答任务上取得SOTA性能，论文已获最佳论文奖提名。,中,58.0,学术突破，提升国际影响力,清华大学,https://www.tsinghua.edu.cn/,"清华大学,学术,视觉语言模型",2025-12-10 15:59:21
2025-12-10,国际,1,美国发布AI芯片出口新规,12月10日消息，美国商务部工业与安全局发布更新的半导体出口管制规则，将AI芯片出口限制扩展至更多国家和地区，收紧对先进制造设备的管控，涉及英伟达、AMD等主要芯片厂商，新规将于90天后正式生效。,高,100.0,重大政策变化，影响全球AI产业供应链,美国商务部,https://www.commerce.gov/,"美国,出口管制,AI芯片,制裁",2025-12-10 15:59:21
2025-12-10,国际,2,OpenAI正式发布GPT-5,12月10日消息，OpenAI正式发布GPT-5大语言模型，采用全新混合架构在推理、编程、多模态理解等方面实现重大突破，上下文窗口扩展至100万tokens，首席执行官奥特曼称其为迈向通用人工智能的关键一步。,高,98.0,旗舰产品发布，定义AI能力新标杆,OpenAI官方博客,https://openai.com/,"OpenAI,GPT-5,AGI,重大发布",2025-12-10 15:59:21
2025-12-10,国际,3,英伟达发布Blackwell Ultra芯片,12月10日消息，英伟达在GTC大会上发布新一代Blackwell Ultra人工智能芯片，单卡算力达到40PFLOPS较H100提升5倍，同时公布与亚马逊、微软、谷歌等多家云厂商的部署计划，预计明年第一季度实现量产。,高,95.0,算力基础设施重大升级，影响AI训练效率,英伟达官网,https://www.nvidia.com/,"英伟达,Blackwell,AI芯片,算力",2025-12-10 15:59:21
2025-12-10,国际,4,谷歌DeepMind发布Gemini 2.5 Ultra,12月10日消息，谷歌DeepMind发布Gemini 2.5 Ultra多模态大模型，在数学推理、科学问答、代码生成等任务上超越GPT-5基准版本，支持实时视频理解和多轮对话记忆功能。,高,92.0,顶级厂商竞争升级，多模态能力新突破,谷歌DeepMind,https://deepmind.google/,"谷歌,Gemini,多模态,DeepMind",2025-12-10 15:59:21
2025-12-10,国际,5,欧盟《人工智能法案》正式全面生效,12月10日消息，欧盟《人工智能法案》正式全面生效成为全球首部全面监管人工智能的立法，高风险AI系统需在6个月内完成合规审查，违规企业将面临最高3500万欧元或全球营收7%的罚款。,高,90.0,全球首部AI监管法律生效，影响深远,欧盟委员会,https://ec.europa.eu/,"欧盟,AI法案,监管,合规",2025-12-10 15:59:21
2025-12-10,国际,6,Anthropic发布Claude 4 Opus模型,12月10日消息，人工智能公司Anthropic发布Claude 4 Opus模型，在安全性和实用性之间取得更好平衡，长文本处理能力显著提升支持20万字上下文，同时推出企业版接口支持私有化部署。,高,88.0,顶级竞品更新，AI安全领域引领者,Anthropic官网,https://www.anthropic.com/,"Anthropic,Claude,AI安全",2025-12-10 15:59:21
2025-12-10,国际,7,Meta开源Llama 4模型家族,12月10日消息，Meta正式开源Llama 4系列大语言模型，包含80亿到4000亿参数多个规格版本，采用混合专家架构在开源社区反响热烈，发布24小时内下载量突破100万次。,高,85.0,超大规模开源，推动AI民主化进程,Meta人工智能,https://ai.meta.com/,"Meta,Llama 4,开源,MoE",2025-12-10 15:59:21
2025-12-10,国际,8,马斯克xAI完成120亿美元融资,12月10日消息，埃隆·马斯克旗下人工智能公司xAI宣布完成新一轮120亿美元融资，公司估值达到500亿美元，所融资金将用于扩建超级计算中心和Grok大模型研发。,高,82.0,史上最大AI融资之一，验证行业热度,彭博科技,https://x.ai/,"xAI,融资,马斯克,Grok",2025-12-10 15:59:21
2025-12-10,国际,9,麻省理工实现量子AI重大突破,12月10日消息，麻省理工学院研究团队在《自然》杂志发表论文，首次实现量子计算与经典神经网络的高效混合架构，在特定优化问题上实现指数级加速，被评为年度重大科学突破。,高,80.0,基础研究重大突破，开辟新技术路径,麻省理工新闻,https://news.mit.edu/,"麻省理工,量子计算,学术突破,Nature",2025-12-10 15:59:21
2025-12-10,国际,10,微软Azure推出GPT-5托管服务,12月10日消息，微软宣布Azure云平台正式支持GPT-5模型托管服务，提供企业级服务保障协议，同时推出新的成本优化方案使API调用成本降低40%。,中,72.0,云服务升级，降低企业AI使用门槛,微软Azure,https://azure.microsoft.com/,"微软,Azure,GPT-5,云服务",2025-12-10 15:59:21
2025-12-10,国际,11,兰德智库发布AI地缘政治报告,12月10日消息，美国兰德公司发布《人工智能与地缘政治竞争》研究报告，系统分析人工智能技术发展对国际关系格局的深远影响，建议美国政府加强与盟友在AI领域的战略合作。,中,68.0,权威智库分析，政策参考价值高,兰德公司,https://www.rand.org/,"兰德,智库,地缘政治,战略",2025-12-10 15:59:21
2025-12-10,国际,12,斯坦福发布年度AI指数报告,12月10日消息，斯坦福大学人类中心人工智能研究院发布年度AI指数报告，数据显示全球人工智能投资总额达2000亿美元创历史新高，生成式AI投资占比首次超过50%。,中,65.0,权威年度报告，全景展示行业发展,斯坦福HAI,https://hai.stanford.edu/,"斯坦福,HAI,报告,投资",2025-12-10 15:59:21
2025-12-11,国内,1,地平线创始人兼CEO余凯：高阶智驾不再高高在上，正在飞入寻常百姓家,12月11日消息，中国自动驾驶芯片公司地平线在深圳举办首届技术生态大会，创始人余凯阐述了公司以自动驾驶为基点构建物理AI基座的战略愿景，并强调通过开放生态与产业链伙伴合作，共同推动智能驾驶从商业化突破迈向规模化普及。,高,330.0,国内头部AI芯片公司发布重要战略，涉及智能驾驶核心生态，属于重大商业动态。,AI科技评论,https://www.leiphone.com/category/transportation/mVVSDrUnA0O92sQ8.html,"战略发布,智能驾驶,生态合作",2025-12-11 09:35:11
2025-12-11,国内,2,阿里成立千问C端事业群，包括千问，夸克、UC等业务,12月11日消息，阿里巴巴集团进行组织架构调整，正式成立千问C端事业群，该事业群整合了包括千问大模型、夸克、UC浏览器在内的多项面向消费者的AI与内容业务，旨在强化其在C端AI应用市场的布局与竞争力。,高,315.0,中国科技巨头阿里巴巴进行重大组织架构调整，聚焦AI C端业务，属于重大商业动态。,AI科技评论,https://www.leiphone.com/category/zaobao/F7TMjxRA5Q7G5Aha.html,"组织架构,大模型,C端业务",2025-12-11 09:35:11
2025-12-11,国内,3,眼镜应用可一键接入支付，支付宝联合Rokid发布智能眼镜AI付解决方案,12月11日消息，支付宝联合中国AR公司Rokid发布行业首个智能眼镜AI付解决方案，该方案以支付MCP服务形式上线，允许开发者通过自然语言快速调用支付宝收款能力，为智能眼镜等终端设备提供便捷的支付接入服务。,中,300.0,国内支付巨头与AR硬件公司合作推出创新AI支付解决方案，属于重要的产品发布与商业合作。,AI科技评论,https://www.leiphone.com/category/industrynews/P7PZT4w4WIurmSvj.html,"产品发布,支付,AR/VR,生态合作",2025-12-11 09:35:11
2025-12-11,国内,4,首发丨快造科技完成数亿元B轮融资，U1 众筹订单已全部发货,12月11日消息，中国消费级3D打印品牌快造科技宣布完成数亿元B轮融资，由高瓴创投、美团等机构领投，融资将用于技术研发与市场拓展，其旗舰产品U1已全部完成众筹订单发货并计划于2026年全球上市。,中,290.0,国内AI与硬件结合领域的创新公司获得大额融资，属于重大商业动态。,AI科技评论,https://www.leiphone.com/category/weiwu/qkU9ACuSsmiVhF86.html,"融资,3D打印,硬件创新",2025-12-11 09:35:11
2025-12-11,国内,5,福瑞泰克张林：中国企业走向世界是必然，继续与海外Tier 1同台竞技,12月11日消息，中国自动驾驶Tier1供应商福瑞泰克董事长张林在地平线技术生态大会上表示，公司凭借ADC25城市NOA方案创下7.5个月量产纪录，展示了中国智能驾驶生态从技术追赶到创新引领的能力，并强调将继续与国际巨头竞争。,中,285.0,国内领先的自动驾驶供应商展示重要技术成果和产业观点，属于重要的商业与技术动态。,AI科技评论,https://www.leiphone.com/category/transportation/wG6WRl3e4Ov18nlE.html,"技术突破,自动驾驶,产业观点",2025-12-11 09:35:11
2025-12-11,国内,6,图达通成功登陆港股，引领高性能激光雷达赛道,12月11日消息，全球图像级激光雷达解决方案提供商图达通以De-SPAC方式正式在香港交易所上市，募集资金约10.27亿港元，市值超215亿港元，成为车规级激光雷达领域的重要上市事件。,高,285.0,中国领先的激光雷达公司在香港成功上市，募集巨额资金，属于重大商业动态（IPO）。,AI科技评论,https://www.leiphone.com/category/industrynews/IMHojkWAHKCnBhI6.html,"IPO,激光雷达,上市",2025-12-11 09:35:11
2025-12-11,国内,7,一家空间智能公司，要做AI时代的卖水人 | 最前线,12月11日消息，中国空间智能服务商群核科技在杭州发布Aholo空间智能开放平台和3D AI内容创作工具LuxReal，旨在从云设计软件公司转型为覆盖家居、工业、机器人等多场景的AI时代基础设施提供商。,中,264.0,国内公司发布重要的空间智能平台与AI创作工具，属于重大产品发布。,36氪,https://36kr.com/p/3589383556038665?f=rss,"产品发布,空间智能,AIGC",2025-12-11 09:35:11
2025-12-11,国内,8,36氪独家 | 大载重全地形机器人「觉物科技」完成超亿元融资，扎根新疆五年打磨出 “变形金刚”,12月11日消息，中国机器人公司觉物科技宣布完成超亿元Pre-A轮融资，由日初资本领投，该公司专注于大载重全地形模块化机器人，并在新疆农业场景进行了五年技术打磨与商业化验证。,中,256.0,国内机器人领域创新公司获得大额融资，并聚焦特定垂直场景，属于重大商业动态。,36氪,https://36kr.com/p/3585414578633604?f=rss,"融资,机器人,农业科技",2025-12-11 09:35:11
2025-12-11,国内,9,前百川智能合伙人邓江创业，想走一条不同的AI医疗路,12月11日消息，前百川智能商业合伙人邓江离职创业，成立AI医疗公司“缘启智慧”，该公司计划从模型训练到应用研发进行全链条布局，旨在攻克医疗这一复杂领域的AI落地难题。,中,240.0,国内AI领域资深从业者创业，切入高门槛的AI医疗赛道，属于重要的商业动态。,36氪,https://36kr.com/p/3590703651389442?f=rss,"创业,AI医疗,大模型",2025-12-11 09:35:11
2025-12-11,国内,10,机器人秒变推理大师 星尘具身推理模型Lumo-1 VLA发布,12月11日消息，国内研究团队发布具身推理模型Lumo-1 VLA，该模型旨在提升机器人在真实物理世界中处理多步骤长时序任务和模糊指令的推理与行动能力，突破了传统视觉-语言-动作模型在开放环境中的局限。,高,225.0,国内团队在具身智能领域发布突破性研究成果，属于重大学术/技术突破。,36氪,https://36kr.com/p/3590707769163780?f=rss,"技术突破,具身智能,机器人",2025-12-11 09:35:11
2025-12-11,国内,11,一汽奔腾杨兴龙：征程6P芯片搭载于悦意08，将于明年正式发布,12月11日消息，一汽奔腾副总经理杨兴龙在地平线技术生态大会上宣布，其新车悦意08将搭载地平线征程6P芯片，并于明年正式发布，这体现了国产芯片与主流车企在智能驾驶领域的深度合作与量产进展。,中,225.0,国内主流车企宣布搭载国产AI芯片的重要产品规划，属于重要的商业合作与产品动态。,AI科技评论,https://www.leiphone.com/category/iot/8ynOTg1vcklcguOq.html,"产品规划,智能驾驶,国产芯片,合作",2025-12-11 09:35:11
2025-12-11,国内,12,东方精工：以股权投资方式参与拓元智慧融资,12月11日消息，上市公司东方精工在互动平台表示，公司已通过股权投资方式参与了AI公司拓元智慧的融资，此举标志着传统制造业企业正在积极布局AI赛道。,低,210.0,上市公司投资AI初创公司，属于常规的商业投资动态。,AI科技评论,https://www.leiphone.com/category/transportation/ZDSs64WWOoJXMmZm.html,"投资,产业资本",2025-12-11 09:35:11
2025-12-11,国内,13,用AI做整包临床试验，「深度智耀」获近5000万美元D轮融资｜36氪首发,12月11日消息，中国AI制药企业深度智耀宣布获得近5000万美元D轮融资，由鼎晖百孚领投，资金将用于其“多智能体协作网络”技术研发及全球交付网络建设，公司已转型为AI原生临床研究平台。,中,195.0,国内AI制药领军企业获得大额融资，并实现平台级转型，属于重大商业动态。,36氪,https://36kr.com/newsflashes/3590904636669958?f=rss,"融资,AI制药,Biotech",2025-12-11 09:35:11
2025-12-11,国内,14,蚂蚁数科升级“星澜计划”，携手300家合作伙伴加速AI产业落地,12月11日消息，蚂蚁集团旗下蚂蚁数科升级其合作伙伴“星澜计划”，宣布已与300家伙伴合作服务超13000家客户，并从技术、运营、商机、资金四方面赋能生态，旨在加速AI解决方案的产业落地。,中,195.0,国内科技巨头公布其AI生态合作成果与升级计划，属于重要的商业生态动态。,36氪,https://36kr.com/newsflashes/3590901196079105?f=rss,"生态合作,产业落地,平台战略",2025-12-11 09:35:11
2025-12-11,国内,15,利雅得航空与华为签署合作备忘录，开启航空旅行的全新未来,12月11日消息，沙特利雅得航空与中国华为公司签署合作备忘录，双方将在数字创新、品牌营销、云服务及人工智能等领域展开合作，共同打造面向未来的智能航空旅行解决方案。,中,175.5,中国科技巨头华为获得重要的国际商业合作，涉及AI与数字化领域，属于重大商业动态。,36氪,https://36kr.com/p/3589638825984009?f=rss,"国际合作,数字化转型,华为",2025-12-11 09:35:11
2025-12-11,国内,16,“AI孔明”制药平台在京发布,12月11日消息，全球健康药物研发中心（GHDDI）在北京正式发布由中国自主研发的“AI孔明”平台，该平台实现了药物研发从靶点发现到临床设计的全流程智能设计，是国内AI制药领域的重要成果。,高,160.0,中国研究机构发布实现药物研发全流程智能设计的AI平台，属于重大学术突破与产品发布。,36氪,https://36kr.com/p/3590593405272073?f=rss,"产品发布,AI制药,科研突破",2025-12-11 09:35:11
2025-12-11,国内,17,铭凡 MINISFORUM 联合 AMD 带来两款 AI 旗舰产品,12月11日消息，中国迷你计算机品牌铭凡与AMD在北京联合举办产品体验会，重点演示了全新AI迷你工作站MS-S1 MAX与AI NAS N5 Pro两款旗舰产品，展示了其在边缘AI计算领域的布局。,低,150.0,国内硬件品牌与海外芯片公司合作发布新产品，属于常规的产品发布动态。,机器之心,https://www.jiqizhixin.com/articles/2025-12-10-13,"产品发布,边缘计算,硬件",2025-12-11 09:35:11
2025-12-11,国内,18,独家｜OPPO AI部门再次整合，成立智慧产品研发部,12月11日消息，OPPO对AI中心进行新一轮组织架构调整，将小布记忆、小布助手等核心业务整合为“超级小布”，并由新成立的智慧产品研发部统一负责，以进一步聚焦AI能力并与操作系统深度整合。,中,147.0,国内头部手机厂商对AI业务进行重要组织架构调整，旨在强化AI战略落地，属于重大商业动态。,36氪,https://36kr.com/newsflashes/3590889125052678?f=rss,"组织架构,手机AI,战略调整",2025-12-11 09:35:11
2025-12-11,国际,1,"Intel, AMD Accused of Allowing Chips in Russian Missiles",12月11日消息，英特尔、AMD和德州仪器被指控未能阻止其芯片技术流入俄罗斯制造的武器，这些武器在乌克兰被用于杀伤平民，引发了对美国出口管制执行力和供应链安全的重大质疑。,高,366.0,重大政策与法规：涉及美国芯片巨头违反出口管制、支持俄罗斯军事行动的严重指控，具有重大的地缘政治和国际法影响。,VentureBeat AI,https://venturebeat.com/ai/how-googles-tpus-are-reshaping-the-economics-of-large-scale-ai,"出口管制,地缘政治,供应链安全",2025-12-11 09:35:11
2025-12-11,国际,2,"SpaceX Said to Pursue 2026 IPO, Raising Far Above $30 Billion",12月11日消息，据彭博社独家报道，SpaceX正推进其首次公开募股计划，目标于2026年进行，并寻求筹集远超300亿美元的资金，这有望成为史上规模最大的IPO之一，将重塑全球航天与科技投资格局。,高,277.5,重大商业动态：涉及全球领先的航天公司可能进行史上最大规模的IPO，对科技、航天产业及资本市场具有里程碑意义。,Bloomberg Technology,https://www.bloomberg.com/news/videos/2025-12-10/spacex-said-to-pursue-2026-ipo-raising-above-30-billion-video,"IPO,商业融资,航天科技",2025-12-11 09:35:11
2025-12-11,国际,3,How Google’s TPUs are reshaping the economics of large-scale AI,12月11日消息，谷歌最新的张量处理单元正挑战英伟达GPU在AI训练领域的统治地位，包括Gemini 3和Claude 4.5 Opus在内的前沿模型已在其上完成训练，标志着AI硬件市场竞争格局的重大转变。,高,255.0,重大产品发布/商业动态：揭示了谷歌TPU在训练顶级AI模型上的关键作用，直接挑战英伟达的垄断地位，是AI基础设施领域的核心竞争动态。,Bloomberg Technology,https://www.bloomberg.com/news/videos/2025-12-10/bloomberg-tech-12-10-2025-video,"AI芯片,基础设施,市场竞争",2025-12-11 09:35:11
2025-12-11,国际,4,Deepening our partnership with the UK AI Security Institute,12月11日消息，谷歌DeepMind宣布与英国人工智能安全研究所深化合作，共同开展关键的AI安全与安全研究，此举旨在加强政府对前沿AI模型的安全评估能力，是国际AI治理合作的重要进展。,高,229.5,重大政策与法规/安全与伦理：涉及领先AI实验室与政府安全机构的深度合作，关乎国际AI安全治理框架的构建，属于核心政策与安全议题。,TechCrunch AI,https://techcrunch.com/2025/12/10/googles-answer-to-the-ai-arms-race-promote-the-guy-behind-its-data-center-tech/,"AI安全,政府合作,国际治理",2025-12-11 09:35:11
2025-12-11,国际,5,ElevenLabs just hit a $6.6B valuation. Its CEO says the real money isn’t in voice anymore.,12月11日消息，AI语音生成公司ElevenLabs在最新融资中估值达到66亿美元，较九个月前翻倍，并已实现盈利。其CEO表示公司未来重点已超越语音，转向更广泛的AI音频应用与代理领域。,高,225.0,重大商业动态：涉及一家欧洲AI独角兽获得巨额估值并实现盈利，反映了生成式AI赛道的持续高热和商业模式的演进。,TechCrunch AI,https://techcrunch.com/podcast/elevenlabs-just-hit-a-6-6b-valuation-its-ceo-says-the-real-money-isnt-in-voice-anymore/,"生成式AI,独角兽,商业融资",2025-12-11 09:35:11
2025-12-11,国际,6,Apple’s Cook Presses Congress Over Child Online Safety Bill,12月11日消息，苹果公司CEO蒂姆·库克与美国国会议员会面，游说反对一项要求应用商店运营商验证用户年龄的儿童在线安全法案，主张将保护儿童的责任更多地放在父母而非平台身上。,中,180.0,重大政策与法规：涉及科技巨头CEO直接游说美国国会，影响即将出台的在线安全立法，展现了科技公司与监管机构在内容责任上的博弈。,Bloomberg Technology,https://www.bloomberg.com/news/articles/2025-12-10/apple-s-cook-presses-us-lawmakers-over-child-online-safety-laws,"科技政策,内容监管,企业游说",2025-12-11 09:35:11
2025-12-11,国际,7,OpenAI hires Slack’s CEO as its chief revenue officer,12月11日消息，OpenAI宣布聘请Slack的CEO丹妮丝·德雷瑟担任其首席营收官，负责全球营收战略，旨在加速将AI技术整合到更多企业的日常运营中，标志着该公司在商业化扩张上的重要一步。,中,180.0,重大商业动态：行业领导者OpenAI引入资深高管，强化其商业化团队，反映了AI公司从技术研发向大规模市场渗透的战略转变。,CNBC Tech,https://www.cnbc.com/2025/12/09/hinge-founder-leaves-ceo-role-to-launch-ai-powered-dating-service.html,"人事任命,商业化,企业战略",2025-12-11 09:35:11
2025-12-11,国际,8,"India Draws $52 Billion From Amazon, Microsoft in Tech Expansion",12月11日消息，亚马逊和微软宣布在印度追加总计520亿美元的新投资，用于人工智能、云服务和在线零售等领域，凸显了印度作为全球关键增长市场的战略地位正急剧上升。,中,165.0,重大商业动态：美国科技巨头在关键新兴市场进行超大规模投资，涉及AI基础设施，对全球AI产业格局和地缘竞争有重要影响。,Bloomberg Technology,https://www.bloomberg.com/news/articles/2025-12-10/crypto-elite-shun-nfts-for-69-million-year-old-dinosaur-fossils,"市场投资,地缘竞争,AI基础设施",2025-12-11 09:35:11
2025-12-11,国际,9,Google’s answer to the AI arms race — promote the guy behind its data center tech,12月11日消息，谷歌晋升其数据中心技术负责人阿明·瓦赫达特为新设立的AI基础设施首席技术官，直接向CEO汇报，此举旨在整合资源，全力应对日益激烈的AI算力基础设施竞赛。,中,165.0,重大商业动态：反映了谷歌在AI军备竞赛中通过高层重组来强化其基础设施战略的核心应对措施，属于关键的企业战略调整。,Bloomberg Technology,https://www.bloomberg.com/news/articles/2025-12-10/intel-amd-accused-of-failing-to-block-chips-in-russian-missiles,"企业战略,基础设施,人事重组",2025-12-11 09:35:11
2025-12-11,国际,10,Netflix’s WBD bid is an antitrust drama without a villain,12月11日消息，奈飞对华纳兄弟探索公司的收购要约引发关注，分析指出反垄断审查的核心将围绕如何界定“相关市场”，这场交易可能成为考验当前反垄断执法理念的经典案例。,中,165.0,重大政策与法规：涉及大型科技媒体公司的重大并购，其进程将受到反垄断审查的深刻影响，关乎市场竞争格局。,Financial Times Tech,https://www.ft.com/content/2e56f267-309a-408d-a8e9-1571907f6a46,"反垄断,并购,媒体科技",2025-12-11 09:35:11
2025-12-11,国际,11,Google launches managed MCP servers that let AI agents simply plug into its tools,12月11日消息，谷歌推出托管式MCP服务器，旨在使其服务“为智能体而生”，首先从地图和BigQuery开始，以简化AI智能体与现实世界工具集成的复杂流程，推动智能体应用的普及。,中,158.0,重大产品发布：谷歌发布旨在降低AI智能体开发门槛的关键平台工具，对推动下一代AI应用（智能体）的生态发展有重要意义。,The Verge AI,https://www.theverge.com/news/841540/openai-slack-ceo-denise-dresser-chief-revenue-officer,"AI平台,智能体,开发者工具",2025-12-11 09:35:11
2025-12-11,国际,12,Oracle Drops on Disappointing Cloud Sales,12月11日消息，甲骨文公司财报显示其AI数据中心支出大幅增加，但云业务销售额为79.8亿美元，基础设施业务收入为40.8亿美元，均略低于市场预期，导致股价下跌。,低,157.5,重大商业动态：反映了传统云服务商在AI投资浪潮下的财务表现与市场预期之间的落差，是观察AI基础设施竞赛中企业表现的一个指标。,Bloomberg Technology,https://www.bloomberg.com/news/videos/2025-12-10/cleo-capital-s-kunst-on-adobe-synopsys-and-oracle-video,"企业财报,云计算,AI投资",2025-12-11 09:35:11
2025-12-11,国际,13,Figma launches new AI-powered object removal and image extension,12月11日消息，设计协作平台Figma推出了全新的AI驱动图像编辑工具栏，集成了对象移除和图像扩展等功能，旨在提升设计师的工作效率并整合其AI功能。,低,157.5,重大产品发布：知名设计软件公司发布重要的AI功能更新，属于AI工具在垂直领域渗透和产品迭代的典型案例。,Bloomberg Technology,https://www.bloomberg.com/news/videos/2025-12-10/is-india-finally-having-its-ai-moment-video,"生成式AI,生产力工具,产品更新",2025-12-11 09:35:11
2025-12-11,国际,14,Hinge founder leaves CEO role to launch AI-powered dating startup,12月11日消息，知名交友应用Hinge的创始人贾斯汀·麦克劳德辞去CEO职务，转而创立一家名为Overtone的AI驱动交友服务初创公司，探索AI在社交匹配领域的创新应用。,低,147.5,重大商业动态：知名创业者离开成熟公司，投身AI社交创业，反映了AI技术向细分应用场景（如社交）渗透的趋势和创业动向。,MIT Technology Review,https://www.technologyreview.com/2025/12/10/1128999/exclusive-ebook-aging-clocks-understanding-why-we-age/,"AI创业,社交应用,人事变动",2025-12-11 09:35:11
